defined_class	defined_class_label	anatomical_entity	anatomical_entity_label	location	location_label	shape	shape_label
http://purl.obolibrary.org/obo/HP_0009489	Bracket epiphyses of the 2nd finger	http://purl.obolibrary.org/obo/UBERON_0004387	epiphysis of phalanx of manus	http://purl.obolibrary.org/obo/UBERON_0003622	manual digit 2	http://purl.obolibrary.org/obo/PATO_0002142	bracket
http://purl.obolibrary.org/obo/HP_0100045	Bracket epiphyses of the 2nd toe	http://purl.obolibrary.org/obo/UBERON_0001437	epiphysis	http://purl.obolibrary.org/obo/UBERON_0003632	pedal digit 2	http://purl.obolibrary.org/obo/PATO_0002142	bracket
http://purl.obolibrary.org/obo/HP_0009411	Bracket epiphyses of the 3rd finger	http://purl.obolibrary.org/obo/UBERON_0004387	epiphysis of phalanx of manus	http://purl.obolibrary.org/obo/UBERON_0003637	manual digit 3 phalanx	http://purl.obolibrary.org/obo/PATO_0002142	bracket
http://purl.obolibrary.org/obo/HP_0100056	Bracket epiphyses of the 3rd toe	http://purl.obolibrary.org/obo/UBERON_0001437	epiphysis	http://purl.obolibrary.org/obo/UBERON_0003633	pedal digit 3	http://purl.obolibrary.org/obo/PATO_0002142	bracket
http://purl.obolibrary.org/obo/HP_0009394	Bracket epiphyses of the 4th finger	http://purl.obolibrary.org/obo/UBERON_0004387	epiphysis of phalanx of manus	http://purl.obolibrary.org/obo/UBERON_0003624	manual digit 4	http://purl.obolibrary.org/obo/PATO_0002142	bracket
http://purl.obolibrary.org/obo/HP_0100067	Bracket epiphyses of the 4th toe	http://purl.obolibrary.org/obo/UBERON_0001437	epiphysis	http://purl.obolibrary.org/obo/UBERON_0003634	pedal digit 4	http://purl.obolibrary.org/obo/PATO_0002142	bracket
http://purl.obolibrary.org/obo/HP_0009383	Bracket epiphyses of the 5th finger	http://purl.obolibrary.org/obo/UBERON_0004387	epiphysis of phalanx of manus	http://purl.obolibrary.org/obo/UBERON_0003625	manual digit 5	http://purl.obolibrary.org/obo/PATO_0002142	bracket
http://purl.obolibrary.org/obo/HP_0100078	Bracket epiphyses of the 5th toe	http://purl.obolibrary.org/obo/UBERON_0001437	epiphysis	http://purl.obolibrary.org/obo/UBERON_0003635	pedal digit 5	http://purl.obolibrary.org/obo/PATO_0002142	bracket
http://purl.obolibrary.org/obo/HP_0010247	Bracket epiphyses of the distal phalanges of the hand	http://purl.obolibrary.org/obo/UBERON_0004387	epiphysis of phalanx of manus	http://purl.obolibrary.org/obo/UBERON_0003865	distal phalanx of manus	http://purl.obolibrary.org/obo/PATO_0002142	bracket
http://purl.obolibrary.org/obo/HP_0010114	Bracket epiphyses of the hallux	http://purl.obolibrary.org/obo/UBERON_0001437	epiphysis	http://purl.obolibrary.org/obo/UBERON_0003640	pedal digit 1 phalanx	http://purl.obolibrary.org/obo/PATO_0002142	bracket
http://purl.obolibrary.org/obo/HP_0010258	Bracket epiphyses of the middle phalanges of the hand	http://purl.obolibrary.org/obo/UBERON_0004387	epiphysis of phalanx of manus	http://purl.obolibrary.org/obo/UBERON_0003864	middle phalanx of manus	http://purl.obolibrary.org/obo/PATO_0002142	bracket
http://purl.obolibrary.org/obo/HP_0010269	Bracket epiphyses of the proximal phalanges of the hand	http://purl.obolibrary.org/obo/UBERON_0004387	epiphysis of phalanx of manus	http://purl.obolibrary.org/obo/UBERON_0002234	proximal phalanx of manus	http://purl.obolibrary.org/obo/PATO_0002142	bracket
http://purl.obolibrary.org/obo/HP_0009687	Bracket epiphyses of the thumb	http://purl.obolibrary.org/obo/UBERON_0004387	epiphysis of phalanx of manus	http://purl.obolibrary.org/obo/UBERON_0001463	manual digit 1	http://purl.obolibrary.org/obo/PATO_0002142	bracket
http://purl.obolibrary.org/obo/HP_0010163	Bracket epiphyses of the toes	http://purl.obolibrary.org/obo/UBERON_0001437	epiphysis	http://purl.obolibrary.org/obo/UBERON_0001449	phalanx of pes	http://purl.obolibrary.org/obo/PATO_0002142	bracket
http://purl.obolibrary.org/obo/HP_0009503	Bracket epiphysis of the distal phalanx of the 2nd finger	http://purl.obolibrary.org/obo/UBERON_0004387	epiphysis of phalanx of manus	http://purl.obolibrary.org/obo/UBERON_0004311	distal phalanx of manual digit 2	http://purl.obolibrary.org/obo/PATO_0002142	bracket
http://purl.obolibrary.org/obo/HP_0100101	Bracket epiphysis of the distal phalanx of the 2nd toe	http://purl.obolibrary.org/obo/UBERON_0001437	epiphysis	http://purl.obolibrary.org/obo/UBERON_0004316	distal phalanx of pedal digit 2	http://purl.obolibrary.org/obo/PATO_0002142	bracket
http://purl.obolibrary.org/obo/HP_0009336	Bracket epiphysis of the distal phalanx of the 3rd finger	http://purl.obolibrary.org/obo/UBERON_0004387	epiphysis of phalanx of manus	http://purl.obolibrary.org/obo/UBERON_0004312	distal phalanx of manual digit 3	http://purl.obolibrary.org/obo/PATO_0002142	bracket
http://purl.obolibrary.org/obo/HP_0100136	Bracket epiphysis of the distal phalanx of the 3rd toe	http://purl.obolibrary.org/obo/UBERON_0001437	epiphysis	http://purl.obolibrary.org/obo/UBERON_0004317	distal phalanx of pedal digit 3	http://purl.obolibrary.org/obo/PATO_0002142	bracket
http://purl.obolibrary.org/obo/HP_0100170	Bracket epiphysis of the distal phalanx of the 4th toe	http://purl.obolibrary.org/obo/UBERON_0001437	epiphysis	http://purl.obolibrary.org/obo/UBERON_0004318	distal phalanx of pedal digit 4	http://purl.obolibrary.org/obo/PATO_0002142	bracket
http://purl.obolibrary.org/obo/HP_0009187	Bracket epiphysis of the distal phalanx of the 5th finger	http://purl.obolibrary.org/obo/UBERON_0004387	epiphysis of phalanx of manus	http://purl.obolibrary.org/obo/UBERON_0004314	distal phalanx of manual digit 5	http://purl.obolibrary.org/obo/PATO_0002142	bracket
http://purl.obolibrary.org/obo/HP_0100203	Bracket epiphysis of the distal phalanx of the 5th toe	http://purl.obolibrary.org/obo/UBERON_0001437	epiphysis	http://purl.obolibrary.org/obo/UBERON_0004319	distal phalanx of pedal digit 5	http://purl.obolibrary.org/obo/PATO_0002142	bracket
http://purl.obolibrary.org/obo/HP_0010139	Bracket epiphysis of the distal phalanx of the hallux	http://purl.obolibrary.org/obo/UBERON_0001437	epiphysis	http://purl.obolibrary.org/obo/UBERON_0004315	distal phalanx of pedal digit 1	http://purl.obolibrary.org/obo/PATO_0002142	bracket
http://purl.obolibrary.org/obo/HP_0009676	Bracket epiphysis of the distal phalanx of the thumb	http://purl.obolibrary.org/obo/UBERON_0004387	epiphysis of phalanx of manus	http://purl.obolibrary.org/obo/UBERON_0004337	distal phalanx of manual digit 1	http://purl.obolibrary.org/obo/PATO_0002142	bracket
http://purl.obolibrary.org/obo/HP_0009514	Bracket epiphysis of the middle phalanx of the 2nd finger	http://purl.obolibrary.org/obo/UBERON_0004387	epiphysis of phalanx of manus	http://purl.obolibrary.org/obo/UBERON_0004320	middle phalanx of manual digit 2	http://purl.obolibrary.org/obo/PATO_0002142	bracket
http://purl.obolibrary.org/obo/HP_0100112	Bracket epiphysis of the middle phalanx of the 2nd toe	http://purl.obolibrary.org/obo/UBERON_0001437	epiphysis	http://purl.obolibrary.org/obo/UBERON_0004324	middle phalanx of pedal digit 2	http://purl.obolibrary.org/obo/PATO_0002142	bracket
http://purl.obolibrary.org/obo/HP_0009322	Bracket epiphysis of the middle phalanx of the 3rd finger	http://purl.obolibrary.org/obo/UBERON_0004387	epiphysis of phalanx of manus	http://purl.obolibrary.org/obo/UBERON_0004321	middle phalanx of manual digit 3	http://purl.obolibrary.org/obo/PATO_0002142	bracket
http://purl.obolibrary.org/obo/HP_0100147	Bracket epiphysis of the middle phalanx of the 3rd toe	http://purl.obolibrary.org/obo/UBERON_0001437	epiphysis	http://purl.obolibrary.org/obo/UBERON_0004325	middle phalanx of pedal digit 3	http://purl.obolibrary.org/obo/PATO_0002142	bracket
http://purl.obolibrary.org/obo/HP_0009215	Bracket epiphysis of the middle phalanx of the 4th finger	http://purl.obolibrary.org/obo/UBERON_0004387	epiphysis of phalanx of manus	http://purl.obolibrary.org/obo/UBERON_0004322	middle phalanx of manual digit 4	http://purl.obolibrary.org/obo/PATO_0002142	bracket
http://purl.obolibrary.org/obo/HP_0100181	Bracket epiphysis of the middle phalanx of the 4th toe	http://purl.obolibrary.org/obo/UBERON_0001437	epiphysis	http://purl.obolibrary.org/obo/UBERON_0004326	middle phalanx of pedal digit 4	http://purl.obolibrary.org/obo/PATO_0002142	bracket
http://purl.obolibrary.org/obo/HP_0009204	Bracket epiphysis of the middle phalanx of the 5th finger	http://purl.obolibrary.org/obo/UBERON_0004387	epiphysis of phalanx of manus	http://purl.obolibrary.org/obo/UBERON_0004331	proximal phalanx of manual digit 5	http://purl.obolibrary.org/obo/PATO_0002142	bracket
http://purl.obolibrary.org/obo/HP_0100214	Bracket epiphysis of the middle phalanx of the 5th toe	http://purl.obolibrary.org/obo/UBERON_0001437	epiphysis	http://purl.obolibrary.org/obo/UBERON_0004327	middle phalanx of pedal digit 5	http://purl.obolibrary.org/obo/PATO_0002142	bracket
http://purl.obolibrary.org/obo/HP_0009525	Bracket epiphysis of the proximal phalanx of the 2nd finger	http://purl.obolibrary.org/obo/UBERON_0004387	epiphysis of phalanx of manus	http://purl.obolibrary.org/obo/UBERON_0004328	proximal phalanx of manual digit 2	http://purl.obolibrary.org/obo/PATO_0002142	bracket
http://purl.obolibrary.org/obo/HP_0100123	Bracket epiphysis of the proximal phalanx of the 2nd toe	http://purl.obolibrary.org/obo/UBERON_0001437	epiphysis	http://purl.obolibrary.org/obo/UBERON_0004333	proximal phalanx of pedal digit 2	http://purl.obolibrary.org/obo/PATO_0002142	bracket
http://purl.obolibrary.org/obo/HP_0009347	Bracket epiphysis of the proximal phalanx of the 3rd finger	http://purl.obolibrary.org/obo/UBERON_0004387	epiphysis of phalanx of manus	http://purl.obolibrary.org/obo/UBERON_0004329	proximal phalanx of manual digit 3	http://purl.obolibrary.org/obo/PATO_0002142	bracket
http://purl.obolibrary.org/obo/HP_0100158	Bracket epiphysis of the proximal phalanx of the 3rd toe	http://purl.obolibrary.org/obo/UBERON_0001437	epiphysis	http://purl.obolibrary.org/obo/UBERON_0004334	proximal phalanx of pedal digit 3	http://purl.obolibrary.org/obo/PATO_0002142	bracket
http://purl.obolibrary.org/obo/HP_0100192	Bracket epiphysis of the proximal phalanx of the 4th toe	http://purl.obolibrary.org/obo/UBERON_0001437	epiphysis	http://purl.obolibrary.org/obo/UBERON_0004335	proximal phalanx of pedal digit 4	http://purl.obolibrary.org/obo/PATO_0002142	bracket
http://purl.obolibrary.org/obo/HP_0100225	Bracket epiphysis of the proximal phalanx of the 5th toe	http://purl.obolibrary.org/obo/UBERON_0001437	epiphysis	http://purl.obolibrary.org/obo/UBERON_0004336	proximal phalanx of pedal digit 5	http://purl.obolibrary.org/obo/PATO_0002142	bracket
http://purl.obolibrary.org/obo/HP_0010128	Bracket epiphysis of the proximal phalanx of the hallux	http://purl.obolibrary.org/obo/UBERON_0001437	epiphysis	http://purl.obolibrary.org/obo/UBERON_0004332	proximal phalanx of pedal digit 1	http://purl.obolibrary.org/obo/PATO_0002142	bracket
http://purl.obolibrary.org/obo/HP_0009665	Bracket epiphysis of the proximal phalanx of the thumb	http://purl.obolibrary.org/obo/UBERON_0004387	epiphysis of phalanx of manus	http://purl.obolibrary.org/obo/UBERON_0004338	proximal phalanx of manual digit 1	http://purl.obolibrary.org/obo/PATO_0002142	bracket
http://purl.obolibrary.org/obo/HP_0006371	Broad long bone diaphyses	http://purl.obolibrary.org/obo/UBERON_0004769	diaphysis	http://purl.obolibrary.org/obo/UBERON_0002495	long bone	http://purl.obolibrary.org/obo/PATO_0002359	broad
http://purl.obolibrary.org/obo/HP_0009490	Cone-shaped epiphyses of the 2nd finger	http://purl.obolibrary.org/obo/UBERON_0004387	epiphysis of phalanx of manus	http://purl.obolibrary.org/obo/UBERON_0003622	manual digit 2	http://purl.obolibrary.org/obo/PATO_0002021	conical
http://purl.obolibrary.org/obo/HP_0100046	Cone-shaped epiphyses of the 2nd toe	http://purl.obolibrary.org/obo/UBERON_0001437	epiphysis	http://purl.obolibrary.org/obo/UBERON_0003632	pedal digit 2	http://purl.obolibrary.org/obo/PATO_0002021	conical
http://purl.obolibrary.org/obo/HP_0009412	Cone-shaped epiphyses of the 3rd finger	http://purl.obolibrary.org/obo/UBERON_0004387	epiphysis of phalanx of manus	http://purl.obolibrary.org/obo/UBERON_0003637	manual digit 3 phalanx	http://purl.obolibrary.org/obo/PATO_0002021	conical
http://purl.obolibrary.org/obo/HP_0100057	Cone-shaped epiphyses of the 3rd toe	http://purl.obolibrary.org/obo/UBERON_0001437	epiphysis	http://purl.obolibrary.org/obo/UBERON_0003633	pedal digit 3	http://purl.obolibrary.org/obo/PATO_0002021	conical
http://purl.obolibrary.org/obo/HP_0009395	Cone-shaped epiphyses of the 4th finger	http://purl.obolibrary.org/obo/UBERON_0004387	epiphysis of phalanx of manus	http://purl.obolibrary.org/obo/UBERON_0003638	manual digit 4 phalanx	http://purl.obolibrary.org/obo/PATO_0002021	conical
http://purl.obolibrary.org/obo/HP_0100068	Cone-shaped epiphyses of the 4th toe	http://purl.obolibrary.org/obo/UBERON_0001437	epiphysis	http://purl.obolibrary.org/obo/UBERON_0003634	pedal digit 4	http://purl.obolibrary.org/obo/PATO_0002021	conical
http://purl.obolibrary.org/obo/HP_0009384	Cone-shaped epiphyses of the 5th finger	http://purl.obolibrary.org/obo/UBERON_0004387	epiphysis of phalanx of manus	http://purl.obolibrary.org/obo/UBERON_0003625	manual digit 5	http://purl.obolibrary.org/obo/PATO_0002021	conical
http://purl.obolibrary.org/obo/HP_0100079	Cone-shaped epiphyses of the 5th toe	http://purl.obolibrary.org/obo/UBERON_0001437	epiphysis	http://purl.obolibrary.org/obo/UBERON_0003635	pedal digit 5	http://purl.obolibrary.org/obo/PATO_0002021	conical
http://purl.obolibrary.org/obo/HP_0010248	Cone-shaped epiphyses of the distal phalanges of the hand	http://purl.obolibrary.org/obo/UBERON_0004387	epiphysis of phalanx of manus	http://purl.obolibrary.org/obo/UBERON_0003865	distal phalanx of manus	http://purl.obolibrary.org/obo/PATO_0002021	conical
http://purl.obolibrary.org/obo/HP_0010115	Cone-shaped epiphyses of the hallux	http://purl.obolibrary.org/obo/UBERON_0001437	epiphysis	http://purl.obolibrary.org/obo/UBERON_0003640	pedal digit 1 phalanx	http://purl.obolibrary.org/obo/PATO_0002021	conical
http://purl.obolibrary.org/obo/HP_0010259	Cone-shaped epiphyses of the middle phalanges of the hand	http://purl.obolibrary.org/obo/UBERON_0004387	epiphysis of phalanx of manus	http://purl.obolibrary.org/obo/UBERON_0003864	middle phalanx of manus	http://purl.obolibrary.org/obo/PATO_0002021	conical
http://purl.obolibrary.org/obo/HP_0010270	Cone-shaped epiphyses of the proximal phalanges of the hand	http://purl.obolibrary.org/obo/UBERON_0004387	epiphysis of phalanx of manus	http://purl.obolibrary.org/obo/UBERON_0002234	proximal phalanx of manus	http://purl.obolibrary.org/obo/PATO_0002021	conical
http://purl.obolibrary.org/obo/HP_0010164	Cone-shaped epiphyses of the toes	http://purl.obolibrary.org/obo/UBERON_0001437	epiphysis	http://purl.obolibrary.org/obo/UBERON_0001449	phalanx of pes	http://purl.obolibrary.org/obo/PATO_0002021	conical
http://purl.obolibrary.org/obo/HP_0009504	Cone-shaped epiphysis of the distal phalanx of the 2nd finger	http://purl.obolibrary.org/obo/UBERON_0004387	epiphysis of phalanx of manus	http://purl.obolibrary.org/obo/UBERON_0004311	distal phalanx of manual digit 2	http://purl.obolibrary.org/obo/PATO_0002021	conical
http://purl.obolibrary.org/obo/HP_0100102	Cone-shaped epiphysis of the distal phalanx of the 2nd toe	http://purl.obolibrary.org/obo/UBERON_0001437	epiphysis	http://purl.obolibrary.org/obo/UBERON_0004316	distal phalanx of pedal digit 2	http://purl.obolibrary.org/obo/PATO_0002021	conical
http://purl.obolibrary.org/obo/HP_0009337	Cone-shaped epiphysis of the distal phalanx of the 3rd finger	http://purl.obolibrary.org/obo/UBERON_0004387	epiphysis of phalanx of manus	http://purl.obolibrary.org/obo/UBERON_0004312	distal phalanx of manual digit 3	http://purl.obolibrary.org/obo/PATO_0002021	conical
http://purl.obolibrary.org/obo/HP_0100137	Cone-shaped epiphysis of the distal phalanx of the 3rd toe	http://purl.obolibrary.org/obo/UBERON_0001437	epiphysis	http://purl.obolibrary.org/obo/UBERON_0004317	distal phalanx of pedal digit 3	http://purl.obolibrary.org/obo/PATO_0002021	conical
http://purl.obolibrary.org/obo/HP_0009252	Cone-shaped epiphysis of the distal phalanx of the 4th finger	http://purl.obolibrary.org/obo/UBERON_0004387	epiphysis of phalanx of manus	http://purl.obolibrary.org/obo/UBERON_0004313	distal phalanx of manual digit 4	http://purl.obolibrary.org/obo/PATO_0002021	conical
http://purl.obolibrary.org/obo/HP_0100171	Cone-shaped epiphysis of the distal phalanx of the 4th toe	http://purl.obolibrary.org/obo/UBERON_0001437	epiphysis	http://purl.obolibrary.org/obo/UBERON_0004318	distal phalanx of pedal digit 4	http://purl.obolibrary.org/obo/PATO_0002021	conical
http://purl.obolibrary.org/obo/HP_0004222	Cone-shaped epiphysis of the distal phalanx of the 5th finger	http://purl.obolibrary.org/obo/UBERON_0004387	epiphysis of phalanx of manus	http://purl.obolibrary.org/obo/UBERON_0004314	distal phalanx of manual digit 5	http://purl.obolibrary.org/obo/PATO_0002021	conical
http://purl.obolibrary.org/obo/HP_0100204	Cone-shaped epiphysis of the distal phalanx of the 5th toe	http://purl.obolibrary.org/obo/UBERON_0001437	epiphysis	http://purl.obolibrary.org/obo/UBERON_0004319	distal phalanx of pedal digit 5	http://purl.obolibrary.org/obo/PATO_0002021	conical
http://purl.obolibrary.org/obo/HP_0010140	Cone-shaped epiphysis of the distal phalanx of the hallux	http://purl.obolibrary.org/obo/UBERON_0001437	epiphysis	http://purl.obolibrary.org/obo/UBERON_0004315	distal phalanx of pedal digit 1	http://purl.obolibrary.org/obo/PATO_0002021	conical
http://purl.obolibrary.org/obo/HP_0009677	Cone-shaped epiphysis of the distal phalanx of the thumb	http://purl.obolibrary.org/obo/UBERON_0004387	epiphysis of phalanx of manus	http://purl.obolibrary.org/obo/UBERON_0004337	distal phalanx of manual digit 1	http://purl.obolibrary.org/obo/PATO_0002021	conical
http://purl.obolibrary.org/obo/HP_0009515	Cone-shaped epiphysis of the middle phalanx of the 2nd finger	http://purl.obolibrary.org/obo/UBERON_0004387	epiphysis of phalanx of manus	http://purl.obolibrary.org/obo/UBERON_0004320	middle phalanx of manual digit 2	http://purl.obolibrary.org/obo/PATO_0002021	conical
http://purl.obolibrary.org/obo/HP_0100113	Cone-shaped epiphysis of the middle phalanx of the 2nd toe	http://purl.obolibrary.org/obo/UBERON_0001437	epiphysis	http://purl.obolibrary.org/obo/UBERON_0004324	middle phalanx of pedal digit 2	http://purl.obolibrary.org/obo/PATO_0002021	conical
http://purl.obolibrary.org/obo/HP_0009323	Cone-shaped epiphysis of the middle phalanx of the 3rd finger	http://purl.obolibrary.org/obo/UBERON_0004387	epiphysis of phalanx of manus	http://purl.obolibrary.org/obo/UBERON_0004321	middle phalanx of manual digit 3	http://purl.obolibrary.org/obo/PATO_0002021	conical
http://purl.obolibrary.org/obo/HP_0100148	Cone-shaped epiphysis of the middle phalanx of the 3rd toe	http://purl.obolibrary.org/obo/UBERON_0001437	epiphysis	http://purl.obolibrary.org/obo/UBERON_0004325	middle phalanx of pedal digit 3	http://purl.obolibrary.org/obo/PATO_0002021	conical
http://purl.obolibrary.org/obo/HP_0009216	Cone-shaped epiphysis of the middle phalanx of the 4th finger	http://purl.obolibrary.org/obo/UBERON_0004387	epiphysis of phalanx of manus	http://purl.obolibrary.org/obo/UBERON_0004322	middle phalanx of manual digit 4	http://purl.obolibrary.org/obo/PATO_0002021	conical
http://purl.obolibrary.org/obo/HP_0100182	Cone-shaped epiphysis of the middle phalanx of the 4th toe	http://purl.obolibrary.org/obo/UBERON_0001437	epiphysis	http://purl.obolibrary.org/obo/UBERON_0004326	middle phalanx of pedal digit 4	http://purl.obolibrary.org/obo/PATO_0002021	conical
http://purl.obolibrary.org/obo/HP_0009205	Cone-shaped epiphysis of the middle phalanx of the 5th finger	http://purl.obolibrary.org/obo/UBERON_0004387	epiphysis of phalanx of manus	http://purl.obolibrary.org/obo/UBERON_0004323	middle phalanx of manual digit 5	http://purl.obolibrary.org/obo/PATO_0002021	conical
http://purl.obolibrary.org/obo/HP_0100215	Cone-shaped epiphysis of the middle phalanx of the 5th toe	http://purl.obolibrary.org/obo/UBERON_0001437	epiphysis	http://purl.obolibrary.org/obo/UBERON_0004327	middle phalanx of pedal digit 5	http://purl.obolibrary.org/obo/PATO_0002021	conical
http://purl.obolibrary.org/obo/HP_0009526	Cone-shaped epiphysis of the proximal phalanx of the 2nd finger	http://purl.obolibrary.org/obo/UBERON_0004387	epiphysis of phalanx of manus	http://purl.obolibrary.org/obo/UBERON_0004328	proximal phalanx of manual digit 2	http://purl.obolibrary.org/obo/PATO_0002021	conical
http://purl.obolibrary.org/obo/HP_0100124	Cone-shaped epiphysis of the proximal phalanx of the 2nd toe	http://purl.obolibrary.org/obo/UBERON_0001437	epiphysis	http://purl.obolibrary.org/obo/UBERON_0004333	proximal phalanx of pedal digit 2	http://purl.obolibrary.org/obo/PATO_0002021	conical
http://purl.obolibrary.org/obo/HP_0009348	Cone-shaped epiphysis of the proximal phalanx of the 3rd finger	http://purl.obolibrary.org/obo/UBERON_0004387	epiphysis of phalanx of manus	http://purl.obolibrary.org/obo/UBERON_0004329	proximal phalanx of manual digit 3	http://purl.obolibrary.org/obo/PATO_0002021	conical
http://purl.obolibrary.org/obo/HP_0100159	Cone-shaped epiphysis of the proximal phalanx of the 3rd toe	http://purl.obolibrary.org/obo/UBERON_0001437	epiphysis	http://purl.obolibrary.org/obo/UBERON_0004334	proximal phalanx of pedal digit 3	http://purl.obolibrary.org/obo/PATO_0002021	conical
http://purl.obolibrary.org/obo/HP_0009263	Cone-shaped epiphysis of the proximal phalanx of the 4th finger	http://purl.obolibrary.org/obo/UBERON_0004387	epiphysis of phalanx of manus	http://purl.obolibrary.org/obo/UBERON_0004330	proximal phalanx of manual digit 4	http://purl.obolibrary.org/obo/PATO_0002021	conical
http://purl.obolibrary.org/obo/HP_0100193	Cone-shaped epiphysis of the proximal phalanx of the 4th toe	http://purl.obolibrary.org/obo/UBERON_0001437	epiphysis	http://purl.obolibrary.org/obo/UBERON_0004335	proximal phalanx of pedal digit 4	http://purl.obolibrary.org/obo/PATO_0002021	conical
http://purl.obolibrary.org/obo/HP_0009155	Cone-shaped epiphysis of the proximal phalanx of the 5th finger	http://purl.obolibrary.org/obo/UBERON_0004387	epiphysis of phalanx of manus	http://purl.obolibrary.org/obo/UBERON_0004331	proximal phalanx of manual digit 5	http://purl.obolibrary.org/obo/PATO_0002021	conical
http://purl.obolibrary.org/obo/HP_0100226	Cone-shaped epiphysis of the proximal phalanx of the 5th toe	http://purl.obolibrary.org/obo/UBERON_0001437	epiphysis	http://purl.obolibrary.org/obo/UBERON_0004336	proximal phalanx of pedal digit 5	http://purl.obolibrary.org/obo/PATO_0002021	conical
http://purl.obolibrary.org/obo/HP_0010129	Cone-shaped epiphysis of the proximal phalanx of the hallux	http://purl.obolibrary.org/obo/UBERON_0001437	epiphysis	http://purl.obolibrary.org/obo/UBERON_0004332	proximal phalanx of pedal digit 1	http://purl.obolibrary.org/obo/PATO_0002021	conical
http://purl.obolibrary.org/obo/HP_0009666	Cone-shaped epiphysis of the proximal phalanx of the thumb	http://purl.obolibrary.org/obo/UBERON_0004387	epiphysis of phalanx of manus	http://purl.obolibrary.org/obo/UBERON_0004338	proximal phalanx of manual digit 1	http://purl.obolibrary.org/obo/PATO_0002021	conical
http://purl.obolibrary.org/obo/HP_0009688	Cone-shaped epiphysis of the thumb	http://purl.obolibrary.org/obo/UBERON_0004387	epiphysis of phalanx of manus	http://purl.obolibrary.org/obo/UBERON_0003620	manual digit 1 phalanx	http://purl.obolibrary.org/obo/PATO_0002021	conical
http://purl.obolibrary.org/obo/HP_0008425	Cuboid-shaped thoracolumbar vertebral bodies	http://purl.obolibrary.org/obo/UBERON_0001075	bony vertebral centrum	http://purl.obolibrary.org/obo/UBERON_0009568	trunk region of vertebral column	http://purl.obolibrary.org/obo/PATO_0001872	cuboid
http://purl.obolibrary.org/obo/HP_0005715	Flattened knee epiphyses	http://purl.obolibrary.org/obo/UBERON_0001437	epiphysis	http://purl.obolibrary.org/obo/UBERON_0001465	knee	http://purl.obolibrary.org/obo/PATO_0000407	flat
http://purl.obolibrary.org/obo/HP_0003843	Round epiphyses of the upper limbs	http://purl.obolibrary.org/obo/UBERON_0001437	epiphysis	http://purl.obolibrary.org/obo/UBERON_0010708	pectoral complex	http://purl.obolibrary.org/obo/PATO_0000411	circular
http://purl.obolibrary.org/obo/HP_0009101	Submucous cleft lip	http://purl.obolibrary.org/obo/UBERON_0000009	submucosa	http://purl.obolibrary.org/obo/UBERON_0001833	lip	http://purl.obolibrary.org/obo/PATO_0001786	split
http://purl.obolibrary.org/obo/HP_0009498	Triangular epiphyses of the 2nd finger	http://purl.obolibrary.org/obo/UBERON_0004387	epiphysis of phalanx of manus	http://purl.obolibrary.org/obo/UBERON_0003622	manual digit 2	http://purl.obolibrary.org/obo/PATO_0001875	triangular
http://purl.obolibrary.org/obo/HP_0100054	Triangular epiphyses of the 2nd toe	http://purl.obolibrary.org/obo/UBERON_0001437	epiphysis	http://purl.obolibrary.org/obo/UBERON_0003632	pedal digit 2	http://purl.obolibrary.org/obo/PATO_0001875	triangular
http://purl.obolibrary.org/obo/HP_0009420	Triangular epiphyses of the 3rd finger	http://purl.obolibrary.org/obo/UBERON_0004387	epiphysis of phalanx of manus	http://purl.obolibrary.org/obo/UBERON_0003637	manual digit 3 phalanx	http://purl.obolibrary.org/obo/PATO_0001875	triangular
http://purl.obolibrary.org/obo/HP_0100065	Triangular epiphyses of the 3rd toe	http://purl.obolibrary.org/obo/UBERON_0001437	epiphysis	http://purl.obolibrary.org/obo/UBERON_0003633	pedal digit 3	http://purl.obolibrary.org/obo/PATO_0001875	triangular
http://purl.obolibrary.org/obo/HP_0009403	Triangular epiphyses of the 4th finger	http://purl.obolibrary.org/obo/UBERON_0004387	epiphysis of phalanx of manus	http://purl.obolibrary.org/obo/UBERON_0003638	manual digit 4 phalanx	http://purl.obolibrary.org/obo/PATO_0001875	triangular
http://purl.obolibrary.org/obo/HP_0100076	Triangular epiphyses of the 4th toe	http://purl.obolibrary.org/obo/UBERON_0001437	epiphysis	http://purl.obolibrary.org/obo/UBERON_0003634	pedal digit 4	http://purl.obolibrary.org/obo/PATO_0001875	triangular
http://purl.obolibrary.org/obo/HP_0009392	Triangular epiphyses of the 5th finger	http://purl.obolibrary.org/obo/UBERON_0004387	epiphysis of phalanx of manus	http://purl.obolibrary.org/obo/UBERON_0003639	manual digit 5 phalanx	http://purl.obolibrary.org/obo/PATO_0001875	triangular
http://purl.obolibrary.org/obo/HP_0100087	Triangular epiphyses of the 5th toe	http://purl.obolibrary.org/obo/UBERON_0001437	epiphysis	http://purl.obolibrary.org/obo/UBERON_0003635	pedal digit 5	http://purl.obolibrary.org/obo/PATO_0001875	triangular
http://purl.obolibrary.org/obo/HP_0010256	Triangular epiphyses of the distal phalanges of the hand	http://purl.obolibrary.org/obo/UBERON_0004387	epiphysis of phalanx of manus	http://purl.obolibrary.org/obo/UBERON_0003865	distal phalanx of manus	http://purl.obolibrary.org/obo/PATO_0001875	triangular
http://purl.obolibrary.org/obo/HP_0010123	Triangular epiphyses of the hallux	http://purl.obolibrary.org/obo/UBERON_0001437	epiphysis	http://purl.obolibrary.org/obo/UBERON_0003640	pedal digit 1 phalanx	http://purl.obolibrary.org/obo/PATO_0001875	triangular
http://purl.obolibrary.org/obo/HP_0010267	Triangular epiphyses of the middle phalanges of the hand	http://purl.obolibrary.org/obo/UBERON_0004387	epiphysis of phalanx of manus	http://purl.obolibrary.org/obo/UBERON_0003864	middle phalanx of manus	http://purl.obolibrary.org/obo/PATO_0001875	triangular
http://purl.obolibrary.org/obo/HP_0010278	Triangular epiphyses of the proximal phalanges of the hand	http://purl.obolibrary.org/obo/UBERON_0004387	epiphysis of phalanx of manus	http://purl.obolibrary.org/obo/UBERON_0002234	proximal phalanx of manus	http://purl.obolibrary.org/obo/PATO_0001875	triangular
http://purl.obolibrary.org/obo/HP_0009696	Triangular epiphyses of the thumb	http://purl.obolibrary.org/obo/UBERON_0004387	epiphysis of phalanx of manus	http://purl.obolibrary.org/obo/UBERON_0001463	manual digit 1	http://purl.obolibrary.org/obo/PATO_0001875	triangular
http://purl.obolibrary.org/obo/HP_0010172	Triangular epiphyses of the toes	http://purl.obolibrary.org/obo/UBERON_0001437	epiphysis	http://purl.obolibrary.org/obo/UBERON_0001449	phalanx of pes	http://purl.obolibrary.org/obo/PATO_0001875	triangular
http://purl.obolibrary.org/obo/HP_0009512	Triangular epiphysis of the distal phalanx of the 2nd finger	http://purl.obolibrary.org/obo/UBERON_0004387	epiphysis of phalanx of manus	http://purl.obolibrary.org/obo/UBERON_0004311	distal phalanx of manual digit 2	http://purl.obolibrary.org/obo/PATO_0001875	triangular
http://purl.obolibrary.org/obo/HP_0100110	Triangular epiphysis of the distal phalanx of the 2nd toe	http://purl.obolibrary.org/obo/UBERON_0001437	epiphysis	http://purl.obolibrary.org/obo/UBERON_0004316	distal phalanx of pedal digit 2	http://purl.obolibrary.org/obo/PATO_0001875	triangular
http://purl.obolibrary.org/obo/HP_0009345	Triangular epiphysis of the distal phalanx of the 3rd finger	http://purl.obolibrary.org/obo/UBERON_0004387	epiphysis of phalanx of manus	http://purl.obolibrary.org/obo/UBERON_0004312	distal phalanx of manual digit 3	http://purl.obolibrary.org/obo/PATO_0001875	triangular
http://purl.obolibrary.org/obo/HP_0100145	Triangular epiphysis of the distal phalanx of the 3rd toe	http://purl.obolibrary.org/obo/UBERON_0001437	epiphysis	http://purl.obolibrary.org/obo/UBERON_0004317	distal phalanx of pedal digit 3	http://purl.obolibrary.org/obo/PATO_0001875	triangular
http://purl.obolibrary.org/obo/HP_0009260	Triangular epiphysis of the distal phalanx of the 4th finger	http://purl.obolibrary.org/obo/UBERON_0004387	epiphysis of phalanx of manus	http://purl.obolibrary.org/obo/UBERON_0004313	distal phalanx of manual digit 4	http://purl.obolibrary.org/obo/PATO_0001875	triangular
http://purl.obolibrary.org/obo/HP_0100179	Triangular epiphysis of the distal phalanx of the 4th toe	http://purl.obolibrary.org/obo/UBERON_0001437	epiphysis	http://purl.obolibrary.org/obo/UBERON_0004318	distal phalanx of pedal digit 4	http://purl.obolibrary.org/obo/PATO_0001875	triangular
http://purl.obolibrary.org/obo/HP_0009149	Triangular epiphysis of the distal phalanx of the 5th finger	http://purl.obolibrary.org/obo/UBERON_0004387	epiphysis of phalanx of manus	http://purl.obolibrary.org/obo/UBERON_0004314	distal phalanx of manual digit 5	http://purl.obolibrary.org/obo/PATO_0001875	triangular
http://purl.obolibrary.org/obo/HP_0100212	Triangular epiphysis of the distal phalanx of the 5th toe	http://purl.obolibrary.org/obo/UBERON_0001437	epiphysis	http://purl.obolibrary.org/obo/UBERON_0004319	distal phalanx of pedal digit 5	http://purl.obolibrary.org/obo/PATO_0001875	triangular
http://purl.obolibrary.org/obo/HP_0010148	Triangular epiphysis of the distal phalanx of the hallux	http://purl.obolibrary.org/obo/UBERON_0001437	epiphysis	http://purl.obolibrary.org/obo/UBERON_0004315	distal phalanx of pedal digit 1	http://purl.obolibrary.org/obo/PATO_0001875	triangular
http://purl.obolibrary.org/obo/HP_0009685	Triangular epiphysis of the distal phalanx of the thumb	http://purl.obolibrary.org/obo/UBERON_0004387	epiphysis of phalanx of manus	http://purl.obolibrary.org/obo/UBERON_0004337	distal phalanx of manual digit 1	http://purl.obolibrary.org/obo/PATO_0001875	triangular
http://purl.obolibrary.org/obo/HP_0009523	Triangular epiphysis of the middle phalanx of the 2nd finger	http://purl.obolibrary.org/obo/UBERON_0004387	epiphysis of phalanx of manus	http://purl.obolibrary.org/obo/UBERON_0004320	middle phalanx of manual digit 2	http://purl.obolibrary.org/obo/PATO_0001875	triangular
http://purl.obolibrary.org/obo/HP_0100121	Triangular epiphysis of the middle phalanx of the 2nd toe	http://purl.obolibrary.org/obo/UBERON_0001437	epiphysis	http://purl.obolibrary.org/obo/UBERON_0004324	middle phalanx of pedal digit 2	http://purl.obolibrary.org/obo/PATO_0001875	triangular
http://purl.obolibrary.org/obo/HP_0009331	Triangular epiphysis of the middle phalanx of the 3rd finger	http://purl.obolibrary.org/obo/UBERON_0004387	epiphysis of phalanx of manus	http://purl.obolibrary.org/obo/UBERON_0004321	middle phalanx of manual digit 3	http://purl.obolibrary.org/obo/PATO_0001875	triangular
http://purl.obolibrary.org/obo/HP_0100156	Triangular epiphysis of the middle phalanx of the 3rd toe	http://purl.obolibrary.org/obo/UBERON_0001437	epiphysis	http://purl.obolibrary.org/obo/UBERON_0004325	middle phalanx of pedal digit 3	http://purl.obolibrary.org/obo/PATO_0001875	triangular
http://purl.obolibrary.org/obo/HP_0009224	Triangular epiphysis of the middle phalanx of the 4th finger	http://purl.obolibrary.org/obo/UBERON_0004387	epiphysis of phalanx of manus	http://purl.obolibrary.org/obo/UBERON_0004322	middle phalanx of manual digit 4	http://purl.obolibrary.org/obo/PATO_0001875	triangular
http://purl.obolibrary.org/obo/HP_0100190	Triangular epiphysis of the middle phalanx of the 4th toe	http://purl.obolibrary.org/obo/UBERON_0001437	epiphysis	http://purl.obolibrary.org/obo/UBERON_0004326	middle phalanx of pedal digit 4	http://purl.obolibrary.org/obo/PATO_0001875	triangular
http://purl.obolibrary.org/obo/HP_0009213	Triangular epiphysis of the middle phalanx of the 5th finger	http://purl.obolibrary.org/obo/UBERON_0004387	epiphysis of phalanx of manus	http://purl.obolibrary.org/obo/UBERON_0004323	middle phalanx of manual digit 5	http://purl.obolibrary.org/obo/PATO_0001875	triangular
http://purl.obolibrary.org/obo/HP_0100223	Triangular epiphysis of the middle phalanx of the 5th toe	http://purl.obolibrary.org/obo/UBERON_0001437	epiphysis	http://purl.obolibrary.org/obo/UBERON_0004327	middle phalanx of pedal digit 5	http://purl.obolibrary.org/obo/PATO_0001875	triangular
http://purl.obolibrary.org/obo/HP_0009534	Triangular epiphysis of the proximal phalanx of the 2nd finger	http://purl.obolibrary.org/obo/UBERON_0004387	epiphysis of phalanx of manus	http://purl.obolibrary.org/obo/UBERON_0004328	proximal phalanx of manual digit 2	http://purl.obolibrary.org/obo/PATO_0001875	triangular
http://purl.obolibrary.org/obo/HP_0100132	Triangular epiphysis of the proximal phalanx of the 2nd toe	http://purl.obolibrary.org/obo/UBERON_0001437	epiphysis	http://purl.obolibrary.org/obo/UBERON_0004333	proximal phalanx of pedal digit 2	http://purl.obolibrary.org/obo/PATO_0001875	triangular
http://purl.obolibrary.org/obo/HP_0009356	Triangular epiphysis of the proximal phalanx of the 3rd finger	http://purl.obolibrary.org/obo/UBERON_0004387	epiphysis of phalanx of manus	http://purl.obolibrary.org/obo/UBERON_0004329	proximal phalanx of manual digit 3	http://purl.obolibrary.org/obo/PATO_0001875	triangular
http://purl.obolibrary.org/obo/HP_0100167	Triangular epiphysis of the proximal phalanx of the 3rd toe	http://purl.obolibrary.org/obo/UBERON_0001437	epiphysis	http://purl.obolibrary.org/obo/UBERON_0004334	proximal phalanx of pedal digit 3	http://purl.obolibrary.org/obo/PATO_0001875	triangular
http://purl.obolibrary.org/obo/HP_0009271	Triangular epiphysis of the proximal phalanx of the 4th finger	http://purl.obolibrary.org/obo/UBERON_0004387	epiphysis of phalanx of manus	http://purl.obolibrary.org/obo/UBERON_0004330	proximal phalanx of manual digit 4	http://purl.obolibrary.org/obo/PATO_0001875	triangular
http://purl.obolibrary.org/obo/HP_0100201	Triangular epiphysis of the proximal phalanx of the 4th toe	http://purl.obolibrary.org/obo/UBERON_0001437	epiphysis	http://purl.obolibrary.org/obo/UBERON_0004335	proximal phalanx of pedal digit 4	http://purl.obolibrary.org/obo/PATO_0001875	triangular
http://purl.obolibrary.org/obo/HP_0009154	Triangular epiphysis of the proximal phalanx of the 5th finger	http://purl.obolibrary.org/obo/UBERON_0004387	epiphysis of phalanx of manus	http://purl.obolibrary.org/obo/UBERON_0004331	proximal phalanx of manual digit 5	http://purl.obolibrary.org/obo/PATO_0001875	triangular
http://purl.obolibrary.org/obo/HP_0100234	Triangular epiphysis of the proximal phalanx of the 5th toe	http://purl.obolibrary.org/obo/UBERON_0001437	epiphysis	http://purl.obolibrary.org/obo/UBERON_0004336	proximal phalanx of pedal digit 5	http://purl.obolibrary.org/obo/PATO_0001875	triangular
http://purl.obolibrary.org/obo/HP_0010137	Triangular epiphysis of the proximal phalanx of the hallux	http://purl.obolibrary.org/obo/UBERON_0001437	epiphysis	http://purl.obolibrary.org/obo/UBERON_0004332	proximal phalanx of pedal digit 1	http://purl.obolibrary.org/obo/PATO_0001875	triangular
http://purl.obolibrary.org/obo/HP_0009674	Triangular epiphysis of the proximal phalanx of the thumb	http://purl.obolibrary.org/obo/UBERON_0004387	epiphysis of phalanx of manus	http://purl.obolibrary.org/obo/UBERON_0004338	proximal phalanx of manual digit 1	http://purl.obolibrary.org/obo/PATO_0001875	triangular
