defined_class	defined_class_label	entity	entity_label	shape	shape_label
http://purl.obolibrary.org/obo/HP_0000377	Abnormal pinna morphology	http://purl.obolibrary.org/obo/UBERON_0001691	external ear	http://purl.obolibrary.org/obo/PATO_0000052	shape
http://purl.obolibrary.org/obo/HP_0011218	Abnormal shape of the frontal region	http://purl.obolibrary.org/obo/UBERON_0001870	frontal cortex	http://purl.obolibrary.org/obo/PATO_0000052	shape
http://purl.obolibrary.org/obo/HP_0011217	Abnormal shape of the occiput	http://purl.obolibrary.org/obo/UBERON_0001676	occipital bone	http://purl.obolibrary.org/obo/PATO_0000052	shape
http://purl.obolibrary.org/obo/HP_0200005	Abnormal shape of the palpebral fissure	http://purl.obolibrary.org/obo/UBERON_0001819	palpebral fissure	http://purl.obolibrary.org/obo/PATO_0000052	shape
http://purl.obolibrary.org/obo/HP_0040004	Abnormality of corneal shape	http://purl.obolibrary.org/obo/UBERON_0000964	cornea	http://purl.obolibrary.org/obo/PATO_0000052	shape
http://purl.obolibrary.org/obo/HP_0011526	Abnormality of lens shape	http://purl.obolibrary.org/obo/UBERON_0000965	lens of camera-type eye	http://purl.obolibrary.org/obo/PATO_0000052	shape
http://purl.obolibrary.org/obo/HP_0008544	Abnormally folded helix	http://purl.obolibrary.org/obo/UBERON_0002488	helix of outer ear	http://purl.obolibrary.org/obo/PATO_0001910	folded
http://purl.obolibrary.org/obo/HP_0000907	Anterior rib cupping	http://purl.obolibrary.org/obo/UBERON_0002228	rib	http://purl.obolibrary.org/obo/PATO_0002154	splayed ventral
http://purl.obolibrary.org/obo/HP_0009927	Aplasia of the nose	http://purl.obolibrary.org/obo/UBERON_0000004	nose	http://purl.obolibrary.org/obo/PATO_0000617	bent
http://purl.obolibrary.org/obo/HP_0000483	Astigmatism	http://purl.obolibrary.org/obo/UBERON_0000964	cornea	http://purl.obolibrary.org/obo/PATO_0001848	asymmetrically curved
http://purl.obolibrary.org/obo/HP_0004568	Beaking of vertebral bodies	http://purl.obolibrary.org/obo/UBERON_0001075	bony vertebral centrum	http://purl.obolibrary.org/obo/PATO_0001955	cuneate
http://purl.obolibrary.org/obo/HP_0004586	Biconcave vertebral bodies	http://purl.obolibrary.org/obo/UBERON_0001075	bony vertebral centrum	http://purl.obolibrary.org/obo/PATO_0002039	biconcave
http://purl.obolibrary.org/obo/HP_0004625	Biconvex vertebral bodies	http://purl.obolibrary.org/obo/UBERON_0001075	bony vertebral centrum	http://purl.obolibrary.org/obo/PATO_0002040	biconvex
http://purl.obolibrary.org/obo/HP_0000813	Bicornuate uterus	http://purl.obolibrary.org/obo/UBERON_0000995	uterus	http://purl.obolibrary.org/obo/PATO_0002161	bicornuate
http://purl.obolibrary.org/obo/HP_0001647	Bicuspid aortic valve	http://purl.obolibrary.org/obo/UBERON_0002137	aortic valve	http://purl.obolibrary.org/obo/PATO_0002281	biscupidate
http://purl.obolibrary.org/obo/HP_0005182	Bicuspid pulmonary valve	http://purl.obolibrary.org/obo/UBERON_0002146	pulmonary valve	http://purl.obolibrary.org/obo/PATO_0002281	biscupidate
http://purl.obolibrary.org/obo/HP_0011250	Bifid antitragus	http://purl.obolibrary.org/obo/UBERON_0016467	antitragus	http://purl.obolibrary.org/obo/PATO_0000403	cleft
http://purl.obolibrary.org/obo/HP_0009611	Bifid distal phalanx of the thumb	http://purl.obolibrary.org/obo/UBERON_0004337	distal phalanx of manual digit 1	http://purl.obolibrary.org/obo/PATO_0000403	cleft
http://purl.obolibrary.org/obo/HP_0001853	Bifid distal phalanx of toe	http://purl.obolibrary.org/obo/UBERON_0003867	distal phalanx of pes	http://purl.obolibrary.org/obo/PATO_0000403	cleft
http://purl.obolibrary.org/obo/HP_0010564	Bifid epiglottis	http://purl.obolibrary.org/obo/UBERON_0000388	epiglottis	http://purl.obolibrary.org/obo/PATO_0000403	cleft
http://purl.obolibrary.org/obo/HP_0010443	Bifid femur	http://purl.obolibrary.org/obo/UBERON_0000981	femur	http://purl.obolibrary.org/obo/PATO_0000403	cleft
http://purl.obolibrary.org/obo/HP_0009616	Bifid first metacarpal	http://purl.obolibrary.org/obo/UBERON_0003645	metacarpal bone of digit 1	http://purl.obolibrary.org/obo/PATO_0000403	cleft
http://purl.obolibrary.org/obo/HP_0003864	Bifid humerus	http://purl.obolibrary.org/obo/UBERON_0000976	humerus	http://purl.obolibrary.org/obo/PATO_0000403	cleft
http://purl.obolibrary.org/obo/HP_0010793	Bifid nail	http://purl.obolibrary.org/obo/UBERON_0001705	nail	http://purl.obolibrary.org/obo/PATO_0000403	cleft
http://purl.obolibrary.org/obo/HP_0000456	Bifid nasal tip	http://purl.obolibrary.org/obo/UBERON_0012128	nose tip	http://purl.obolibrary.org/obo/PATO_0000403	cleft
http://purl.obolibrary.org/obo/HP_0011803	Bifid nose	http://purl.obolibrary.org/obo/UBERON_0000004	nose	http://purl.obolibrary.org/obo/PATO_0000403	cleft
http://purl.obolibrary.org/obo/HP_0000892	Bifid ribs	http://purl.obolibrary.org/obo/UBERON_0002228	rib	http://purl.obolibrary.org/obo/PATO_0000403	cleft
http://purl.obolibrary.org/obo/HP_0009791	Bifid sacrum	http://purl.obolibrary.org/obo/UBERON_0003690	fused sacrum	http://purl.obolibrary.org/obo/PATO_0000403	cleft
http://purl.obolibrary.org/obo/HP_0000048	Bifid scrotum	http://purl.obolibrary.org/obo/UBERON_0001300	scrotum	http://purl.obolibrary.org/obo/PATO_0000403	cleft
http://purl.obolibrary.org/obo/HP_0010309	Bifid sternum	http://purl.obolibrary.org/obo/UBERON_0000975	sternum	http://purl.obolibrary.org/obo/PATO_0001784	bifurcated
http://purl.obolibrary.org/obo/HP_0008437	Bifid thoracic vertebrae	http://purl.obolibrary.org/obo/UBERON_0002347	thoracic vertebra	http://purl.obolibrary.org/obo/PATO_0000403	cleft
http://purl.obolibrary.org/obo/HP_0010297	Bifid tongue	http://purl.obolibrary.org/obo/UBERON_0001723	tongue	http://purl.obolibrary.org/obo/PATO_0000403	cleft
http://purl.obolibrary.org/obo/HP_0011269	Bifid tragus	http://purl.obolibrary.org/obo/UBERON_0010887	tragus	http://purl.obolibrary.org/obo/PATO_0000403	cleft
http://purl.obolibrary.org/obo/HP_0030037	Bifid ureter	http://purl.obolibrary.org/obo/UBERON_0000056	ureter	http://purl.obolibrary.org/obo/PATO_0000403	cleft
http://purl.obolibrary.org/obo/HP_0000136	Bifid uterus	http://purl.obolibrary.org/obo/UBERON_0000995	uterus	http://purl.obolibrary.org/obo/PATO_0000403	cleft
http://purl.obolibrary.org/obo/HP_0000193	Bifid uvula	http://purl.obolibrary.org/obo/UBERON_0001734	palatine uvula	http://purl.obolibrary.org/obo/PATO_0000403	cleft
http://purl.obolibrary.org/obo/HP_0100891	Bifid xiphoid process	http://purl.obolibrary.org/obo/UBERON_0002207	xiphoid process	http://purl.obolibrary.org/obo/PATO_0000403	cleft
http://purl.obolibrary.org/obo/HP_0003956	Bowed forearm bones	http://purl.obolibrary.org/obo/UBERON_0003466	forelimb zeugopod bone	http://purl.obolibrary.org/obo/PATO_0001592	increased curvature
http://purl.obolibrary.org/obo/HP_0003865	Bowed humerus	http://purl.obolibrary.org/obo/UBERON_0000976	humerus	http://purl.obolibrary.org/obo/PATO_0001592	increased curvature
http://purl.obolibrary.org/obo/HP_0006488	Bowing of the arm	http://purl.obolibrary.org/obo/UBERON_0008962	forelimb bone	http://purl.obolibrary.org/obo/PATO_0000406	curved
http://purl.obolibrary.org/obo/HP_0002979	Bowing of the legs	http://purl.obolibrary.org/obo/UBERON_0003823	hindlimb zeugopod	http://purl.obolibrary.org/obo/PATO_0000406	curved
http://purl.obolibrary.org/obo/HP_0006487	Bowing of the long bones	http://purl.obolibrary.org/obo/UBERON_0002495	long bone	http://purl.obolibrary.org/obo/PATO_0000406	curved
http://purl.obolibrary.org/obo/HP_0008756	Bowing of the vocal cords	http://purl.obolibrary.org/obo/UBERON_0003706	laryngeal vocal fold	http://purl.obolibrary.org/obo/PATO_0000406	curved
http://purl.obolibrary.org/obo/HP_0010578	Bracket epiphyses	http://purl.obolibrary.org/obo/UBERON_0001437	epiphysis	http://purl.obolibrary.org/obo/PATO_0002142	bracket
http://purl.obolibrary.org/obo/HP_0010229	Bracket epiphyses of the phalanges of the hand	http://purl.obolibrary.org/obo/UBERON_0004387	epiphysis of phalanx of manus	http://purl.obolibrary.org/obo/PATO_0002142	bracket
http://purl.obolibrary.org/obo/HP_0010016	Bracket epiphysis of the 1st metacarpal	http://purl.obolibrary.org/obo/UBERON_0004391	epiphysis of first metacarpal bone	http://purl.obolibrary.org/obo/PATO_0002142	bracket
http://purl.obolibrary.org/obo/HP_0010150	Bracket epiphysis of the 1st metatarsal	http://purl.obolibrary.org/obo/UBERON_0004395	epiphysis of first metatarsal bone	http://purl.obolibrary.org/obo/PATO_0002142	bracket
http://purl.obolibrary.org/obo/HP_0011822	Broad chin	http://purl.obolibrary.org/obo/UBERON_0008199	chin	http://purl.obolibrary.org/obo/PATO_0002359	broad
http://purl.obolibrary.org/obo/HP_0008804	Broad femoral head	http://purl.obolibrary.org/obo/UBERON_0006767	head of femur	http://purl.obolibrary.org/obo/PATO_0002359	broad
http://purl.obolibrary.org/obo/HP_0010028	Bullet-shaped 1st metacarpal	http://purl.obolibrary.org/obo/UBERON_0003645	metacarpal bone of digit 1	http://purl.obolibrary.org/obo/PATO_0002087	bullet-shaped
http://purl.obolibrary.org/obo/HP_0010069	Bullet-shaped 1st metatarsal	http://purl.obolibrary.org/obo/UBERON_0003650	metatarsal bone of digit 1	http://purl.obolibrary.org/obo/PATO_0002087	bullet-shaped
http://purl.obolibrary.org/obo/HP_0010349	Bullet-shaped 2nd toe phalanx	http://purl.obolibrary.org/obo/UBERON_0003641	pedal digit 2 phalanx	http://purl.obolibrary.org/obo/PATO_0002087	bullet-shaped
http://purl.obolibrary.org/obo/HP_0010361	Bullet-shaped 3rd toe phalanx	http://purl.obolibrary.org/obo/UBERON_0003642	pedal digit 3 phalanx	http://purl.obolibrary.org/obo/PATO_0002087	bullet-shaped
http://purl.obolibrary.org/obo/HP_0010373	Bullet-shaped 4th toe phalanx	http://purl.obolibrary.org/obo/UBERON_0003862	pedal digit 4 phalanx	http://purl.obolibrary.org/obo/PATO_0002087	bullet-shaped
http://purl.obolibrary.org/obo/HP_0010385	Bullet-shaped 5th toe phalanx	http://purl.obolibrary.org/obo/UBERON_0003863	pedal digit 5 phalanx	http://purl.obolibrary.org/obo/PATO_0002087	bullet-shaped
http://purl.obolibrary.org/obo/HP_0009837	Bullet-shaped distal phalanges of the hand	http://purl.obolibrary.org/obo/UBERON_0003865	distal phalanx of manus	http://purl.obolibrary.org/obo/PATO_0002087	bullet-shaped
http://purl.obolibrary.org/obo/HP_0009559	Bullet-shaped distal phalanx of the 2nd finger	http://purl.obolibrary.org/obo/UBERON_0004311	distal phalanx of manual digit 2	http://purl.obolibrary.org/obo/PATO_0002087	bullet-shaped
http://purl.obolibrary.org/obo/HP_0010415	Bullet-shaped distal phalanx of the 2nd toe	http://purl.obolibrary.org/obo/UBERON_0004316	distal phalanx of pedal digit 2	http://purl.obolibrary.org/obo/PATO_0002087	bullet-shaped
http://purl.obolibrary.org/obo/HP_0009423	Bullet-shaped distal phalanx of the 3rd finger	http://purl.obolibrary.org/obo/UBERON_0004312	distal phalanx of manual digit 3	http://purl.obolibrary.org/obo/PATO_0002087	bullet-shaped
http://purl.obolibrary.org/obo/HP_0009302	Bullet-shaped distal phalanx of the 4th finger	http://purl.obolibrary.org/obo/UBERON_0004313	distal phalanx of manual digit 4	http://purl.obolibrary.org/obo/PATO_0002087	bullet-shaped
http://purl.obolibrary.org/obo/HP_0009241	Bullet-shaped distal phalanx of the 5th finger	http://purl.obolibrary.org/obo/UBERON_0004314	distal phalanx of manual digit 5	http://purl.obolibrary.org/obo/PATO_0002087	bullet-shaped
http://purl.obolibrary.org/obo/HP_0010078	Bullet-shaped distal phalanx of the hallux	http://purl.obolibrary.org/obo/UBERON_0004315	distal phalanx of pedal digit 1	http://purl.obolibrary.org/obo/PATO_0002087	bullet-shaped
http://purl.obolibrary.org/obo/HP_0009643	Bullet-shaped distal phalanx of the thumb	http://purl.obolibrary.org/obo/UBERON_0004337	distal phalanx of manual digit 1	http://purl.obolibrary.org/obo/PATO_0002087	bullet-shaped
http://purl.obolibrary.org/obo/HP_0010187	Bullet-shaped distal toe phalanx	http://purl.obolibrary.org/obo/UBERON_0003867	distal phalanx of pes	http://purl.obolibrary.org/obo/PATO_0002087	bullet-shaped
http://purl.obolibrary.org/obo/HP_0010060	Bullet-shaped hallux phalanx	http://purl.obolibrary.org/obo/UBERON_0003640	pedal digit 1 phalanx	http://purl.obolibrary.org/obo/PATO_0002087	bullet-shaped
http://purl.obolibrary.org/obo/HP_0009845	Bullet-shaped middle phalanges of the hand	http://purl.obolibrary.org/obo/UBERON_0003864	middle phalanx of manus	http://purl.obolibrary.org/obo/PATO_0002087	bullet-shaped
http://purl.obolibrary.org/obo/HP_0009570	Bullet-shaped middle phalanx of the 2nd finger	http://purl.obolibrary.org/obo/UBERON_0004320	middle phalanx of manual digit 2	http://purl.obolibrary.org/obo/PATO_0002087	bullet-shaped
http://purl.obolibrary.org/obo/HP_0010406	Bullet-shaped middle phalanx of the 2nd toe	http://purl.obolibrary.org/obo/UBERON_0004324	middle phalanx of pedal digit 2	http://purl.obolibrary.org/obo/PATO_0002087	bullet-shaped
http://purl.obolibrary.org/obo/HP_0009431	Bullet-shaped middle phalanx of the 3rd finger	http://purl.obolibrary.org/obo/UBERON_0004321	middle phalanx of manual digit 3	http://purl.obolibrary.org/obo/PATO_0002087	bullet-shaped
http://purl.obolibrary.org/obo/HP_0009296	Bullet-shaped middle phalanx of the 4th finger	http://purl.obolibrary.org/obo/UBERON_0004322	middle phalanx of manual digit 4	http://purl.obolibrary.org/obo/PATO_0002087	bullet-shaped
http://purl.obolibrary.org/obo/HP_0009168	Bullet-shaped middle phalanx of the 5th finger	http://purl.obolibrary.org/obo/UBERON_0004323	middle phalanx of manual digit 5	http://purl.obolibrary.org/obo/PATO_0002087	bullet-shaped
http://purl.obolibrary.org/obo/HP_0010196	Bullet-shaped middle toe phalanx	http://purl.obolibrary.org/obo/UBERON_0003866	middle phalanx of pes	http://purl.obolibrary.org/obo/PATO_0002087	bullet-shaped
http://purl.obolibrary.org/obo/HP_0009548	Bullet-shaped phalanges of the 2nd finger	http://purl.obolibrary.org/obo/UBERON_0003636	manual digit 2 phalanx	http://purl.obolibrary.org/obo/PATO_0002087	bullet-shaped
http://purl.obolibrary.org/obo/HP_0009441	Bullet-shaped phalanges of the 3rd finger	http://purl.obolibrary.org/obo/UBERON_0003637	manual digit 3 phalanx	http://purl.obolibrary.org/obo/PATO_0002087	bullet-shaped
http://purl.obolibrary.org/obo/HP_0009405	Bullet-shaped phalanges of the 4th finger	http://purl.obolibrary.org/obo/UBERON_0003638	manual digit 4 phalanx	http://purl.obolibrary.org/obo/PATO_0002087	bullet-shaped
http://purl.obolibrary.org/obo/HP_0009375	Bullet-shaped phalanges of the 5th finger	http://purl.obolibrary.org/obo/UBERON_0003639	manual digit 5 phalanx	http://purl.obolibrary.org/obo/PATO_0002087	bullet-shaped
http://purl.obolibrary.org/obo/HP_0009769	Bullet-shaped phalanges of the hand	http://purl.obolibrary.org/obo/UBERON_0001436	phalanx of manus	http://purl.obolibrary.org/obo/PATO_0002087	bullet-shaped
http://purl.obolibrary.org/obo/HP_0009853	Bullet-shaped proximal phalanges of the hand	http://purl.obolibrary.org/obo/UBERON_0002234	proximal phalanx of manus	http://purl.obolibrary.org/obo/PATO_0002087	bullet-shaped
http://purl.obolibrary.org/obo/HP_0009582	Bullet-shaped proximal phalanx of the 2nd finger	http://purl.obolibrary.org/obo/UBERON_0004328	proximal phalanx of manual digit 2	http://purl.obolibrary.org/obo/PATO_0002087	bullet-shaped
http://purl.obolibrary.org/obo/HP_0010397	Bullet-shaped proximal phalanx of the 2nd toe	http://purl.obolibrary.org/obo/UBERON_0004333	proximal phalanx of pedal digit 2	http://purl.obolibrary.org/obo/PATO_0002087	bullet-shaped
http://purl.obolibrary.org/obo/HP_0009451	Bullet-shaped proximal phalanx of the 3rd finger	http://purl.obolibrary.org/obo/UBERON_0004329	proximal phalanx of manual digit 3	http://purl.obolibrary.org/obo/PATO_0002087	bullet-shaped
http://purl.obolibrary.org/obo/HP_0009311	Bullet-shaped proximal phalanx of the 4th finger	http://purl.obolibrary.org/obo/UBERON_0004330	proximal phalanx of manual digit 4	http://purl.obolibrary.org/obo/PATO_0002087	bullet-shaped
http://purl.obolibrary.org/obo/HP_0009228	Bullet-shaped proximal phalanx of the 5th finger	http://purl.obolibrary.org/obo/UBERON_0004331	proximal phalanx of manual digit 5	http://purl.obolibrary.org/obo/PATO_0002087	bullet-shaped
http://purl.obolibrary.org/obo/HP_0010087	Bullet-shaped proximal phalanx of the hallux	http://purl.obolibrary.org/obo/UBERON_0004332	proximal phalanx of pedal digit 1	http://purl.obolibrary.org/obo/PATO_0002087	bullet-shaped
http://purl.obolibrary.org/obo/HP_0009631	Bullet-shaped proximal phalanx of the thumb	http://purl.obolibrary.org/obo/UBERON_0004338	proximal phalanx of manual digit 1	http://purl.obolibrary.org/obo/PATO_0002087	bullet-shaped
http://purl.obolibrary.org/obo/HP_0010205	Bullet-shaped proximal toe phalanx	http://purl.obolibrary.org/obo/UBERON_0003868	proximal phalanx of pes	http://purl.obolibrary.org/obo/PATO_0002087	bullet-shaped
http://purl.obolibrary.org/obo/HP_0009652	Bullet-shaped thumb phalanx	http://purl.obolibrary.org/obo/UBERON_0003620	manual digit 1 phalanx	http://purl.obolibrary.org/obo/PATO_0002087	bullet-shaped
http://purl.obolibrary.org/obo/HP_0010175	Bullet-shaped toe phalanx	http://purl.obolibrary.org/obo/UBERON_0001449	phalanx of pes	http://purl.obolibrary.org/obo/PATO_0002087	bullet-shaped
http://purl.obolibrary.org/obo/HP_0003191	Cleft ala nasi	http://purl.obolibrary.org/obo/UBERON_0006906	ala of nose	http://purl.obolibrary.org/obo/PATO_0001495	notched
http://purl.obolibrary.org/obo/HP_0011265	Cleft earlobe	http://purl.obolibrary.org/obo/UBERON_0001847	lobule of pinna	http://purl.obolibrary.org/obo/PATO_0000403	cleft
http://purl.obolibrary.org/obo/HP_0009902	Cleft helix	http://purl.obolibrary.org/obo/UBERON_0002488	helix of outer ear	http://purl.obolibrary.org/obo/PATO_0001495	notched
http://purl.obolibrary.org/obo/HP_0009094	Cleft lower alveolar ridge	http://purl.obolibrary.org/obo/UBERON_0004527	alveolar process of maxilla	http://purl.obolibrary.org/obo/PATO_0001786	split
http://purl.obolibrary.org/obo/HP_0010752	Cleft mandible	http://purl.obolibrary.org/obo/UBERON_0001684	mandible	http://purl.obolibrary.org/obo/PATO_0001786	split
http://purl.obolibrary.org/obo/HP_0010289	Cleft of alveolar ridge of maxilla	http://purl.obolibrary.org/obo/UBERON_0004103	alveolar ridge	http://purl.obolibrary.org/obo/PATO_0000403	cleft
http://purl.obolibrary.org/obo/HP_0011323	Cleft of chin	http://purl.obolibrary.org/obo/UBERON_0008199	chin	http://purl.obolibrary.org/obo/PATO_0000403	cleft
http://purl.obolibrary.org/obo/HP_0004616	Cleft vertebral arch	http://purl.obolibrary.org/obo/UBERON_0010358	arch of centrum of vertebra	http://purl.obolibrary.org/obo/PATO_0001786	split
http://purl.obolibrary.org/obo/HP_0001217	Clubbing	http://purl.obolibrary.org/obo/UBERON_0002544	digit	http://purl.obolibrary.org/obo/PATO_0001883	clavate
http://purl.obolibrary.org/obo/HP_0008789	Cone-shaped capital femoral epiphysis	http://purl.obolibrary.org/obo/UBERON_0004412	proximal epiphysis of femur	http://purl.obolibrary.org/obo/PATO_0002021	conical
http://purl.obolibrary.org/obo/HP_0004000	Cone-shaped distal radial epiphysis	http://purl.obolibrary.org/obo/UBERON_0004385	epiphysis of radius	http://purl.obolibrary.org/obo/PATO_0002021	conical
http://purl.obolibrary.org/obo/HP_0010230	Cone-shaped epiphyses of the phalanges of the hand	http://purl.obolibrary.org/obo/UBERON_0004387	epiphysis of phalanx of manus	http://purl.obolibrary.org/obo/PATO_0002021	conical
http://purl.obolibrary.org/obo/HP_0010579	Cone-shaped epiphysis	http://purl.obolibrary.org/obo/UBERON_0001437	epiphysis	http://purl.obolibrary.org/obo/PATO_0002021	conical
http://purl.obolibrary.org/obo/HP_0010017	Cone-shaped epiphysis of the 1st metacarpal	http://purl.obolibrary.org/obo/UBERON_0004391	epiphysis of first metacarpal bone	http://purl.obolibrary.org/obo/PATO_0002021	conical
http://purl.obolibrary.org/obo/HP_0010151	Cone-shaped epiphysis of the 1st metatarsal	http://purl.obolibrary.org/obo/UBERON_0004395	epiphysis of first metatarsal bone	http://purl.obolibrary.org/obo/PATO_0002021	conical
http://purl.obolibrary.org/obo/HP_0006059	Cone-shaped metacarpal epiphyses	http://purl.obolibrary.org/obo/UBERON_0004390	epiphysis of metacarpal bone	http://purl.obolibrary.org/obo/PATO_0002021	conical
http://purl.obolibrary.org/obo/HP_0011065	Conical incisor	http://purl.obolibrary.org/obo/UBERON_0001098	incisor tooth	http://purl.obolibrary.org/obo/PATO_0002021	conical
http://purl.obolibrary.org/obo/HP_0006339	Conical mandibular incisor	http://purl.obolibrary.org/obo/UBERON_0003451	lower jaw incisor	http://purl.obolibrary.org/obo/PATO_0002021	conical
http://purl.obolibrary.org/obo/HP_0011083	Conical maxillary incisor	http://purl.obolibrary.org/obo/UBERON_0003450	upper jaw incisor	http://purl.obolibrary.org/obo/PATO_0002021	conical
http://purl.obolibrary.org/obo/HP_0011082	Conical primary incisor	http://purl.obolibrary.org/obo/UBERON_0016476	primary incisor tooth	http://purl.obolibrary.org/obo/PATO_0002021	conical
http://purl.obolibrary.org/obo/HP_0000698	Conical tooth	http://purl.obolibrary.org/obo/UBERON_0003672	dentition	http://purl.obolibrary.org/obo/PATO_0002021	conical
http://purl.obolibrary.org/obo/HP_0004634	Cuboid-shaped vertebral bodies	http://purl.obolibrary.org/obo/UBERON_0001075	bony vertebral centrum	http://purl.obolibrary.org/obo/PATO_0001872	cuboid
http://purl.obolibrary.org/obo/HP_0007665	Curly eyelashes	http://purl.obolibrary.org/obo/UBERON_0001702	eyelash	http://purl.obolibrary.org/obo/PATO_0000405	curled
http://purl.obolibrary.org/obo/HP_0002212	Curly hair	http://purl.obolibrary.org/obo/UBERON_0001037	strand of hair	http://purl.obolibrary.org/obo/PATO_0000405	curled
http://purl.obolibrary.org/obo/HP_0010029	Curved 1st metacarpal	http://purl.obolibrary.org/obo/UBERON_0003645	metacarpal bone of digit 1	http://purl.obolibrary.org/obo/PATO_0000406	curved
http://purl.obolibrary.org/obo/HP_0010070	Curved 1st metatarsal	http://purl.obolibrary.org/obo/UBERON_0003650	metatarsal bone of digit 1	http://purl.obolibrary.org/obo/PATO_0000406	curved
http://purl.obolibrary.org/obo/HP_0010350	Curved 2nd toe phalanx	http://purl.obolibrary.org/obo/UBERON_0003641	pedal digit 2 phalanx	http://purl.obolibrary.org/obo/PATO_0000406	curved
http://purl.obolibrary.org/obo/HP_0010362	Curved 3rd toe phalanx	http://purl.obolibrary.org/obo/UBERON_0003642	pedal digit 3 phalanx	http://purl.obolibrary.org/obo/PATO_0000406	curved
http://purl.obolibrary.org/obo/HP_0010374	Curved 4th toe phalanx	http://purl.obolibrary.org/obo/UBERON_0003862	pedal digit 4 phalanx	http://purl.obolibrary.org/obo/PATO_0000406	curved
http://purl.obolibrary.org/obo/HP_0010386	Curved 5th toe phalanx	http://purl.obolibrary.org/obo/UBERON_0003863	pedal digit 5 phalanx	http://purl.obolibrary.org/obo/PATO_0000406	curved
http://purl.obolibrary.org/obo/HP_0009838	Curved distal phalanges of the hand	http://purl.obolibrary.org/obo/UBERON_0003865	distal phalanx of manus	http://purl.obolibrary.org/obo/PATO_0000406	curved
http://purl.obolibrary.org/obo/HP_0009560	Curved distal phalanx of the 2nd finger	http://purl.obolibrary.org/obo/UBERON_0004311	distal phalanx of manual digit 2	http://purl.obolibrary.org/obo/PATO_0000406	curved
http://purl.obolibrary.org/obo/HP_0010416	Curved distal phalanx of the 2nd toe	http://purl.obolibrary.org/obo/UBERON_0004316	distal phalanx of pedal digit 2	http://purl.obolibrary.org/obo/PATO_0000406	curved
http://purl.obolibrary.org/obo/HP_0009428	Curved distal phalanx of the 3rd finger	http://purl.obolibrary.org/obo/UBERON_0004312	distal phalanx of manual digit 3	http://purl.obolibrary.org/obo/PATO_0000406	curved
http://purl.obolibrary.org/obo/HP_0100449	Curved distal phalanx of the 3rd toe	http://purl.obolibrary.org/obo/UBERON_0004317	distal phalanx of pedal digit 3	http://purl.obolibrary.org/obo/PATO_0000406	curved
http://purl.obolibrary.org/obo/HP_0009286	Curved distal phalanx of the 4th finger	http://purl.obolibrary.org/obo/UBERON_0004313	distal phalanx of manual digit 4	http://purl.obolibrary.org/obo/PATO_0000406	curved
http://purl.obolibrary.org/obo/HP_0100450	Curved distal phalanx of the 4th toe	http://purl.obolibrary.org/obo/UBERON_0004318	distal phalanx of pedal digit 4	http://purl.obolibrary.org/obo/PATO_0000406	curved
http://purl.obolibrary.org/obo/HP_0004226	Curved distal phalanx of the 5th finger	http://purl.obolibrary.org/obo/UBERON_0004314	distal phalanx of manual digit 5	http://purl.obolibrary.org/obo/PATO_0000406	curved
http://purl.obolibrary.org/obo/HP_0100451	Curved distal phalanx of the 5th toe	http://purl.obolibrary.org/obo/UBERON_0004319	distal phalanx of pedal digit 5	http://purl.obolibrary.org/obo/PATO_0000406	curved
http://purl.obolibrary.org/obo/HP_0010079	Curved distal phalanx of the hallux	http://purl.obolibrary.org/obo/UBERON_0004315	distal phalanx of pedal digit 1	http://purl.obolibrary.org/obo/PATO_0000406	curved
http://purl.obolibrary.org/obo/HP_0009644	Curved distal phalanx of the thumb	http://purl.obolibrary.org/obo/UBERON_0004337	distal phalanx of manual digit 1	http://purl.obolibrary.org/obo/PATO_0000406	curved
http://purl.obolibrary.org/obo/HP_0010188	Curved distal toe phalanx	http://purl.obolibrary.org/obo/UBERON_0003867	distal phalanx of pes	http://purl.obolibrary.org/obo/PATO_0000406	curved
http://purl.obolibrary.org/obo/HP_0004095	Curved fingers	http://purl.obolibrary.org/obo/UBERON_0002389	manual digit	http://purl.obolibrary.org/obo/PATO_0000406	curved
http://purl.obolibrary.org/obo/HP_0010061	Curved hallux phalanx	http://purl.obolibrary.org/obo/UBERON_0003640	pedal digit 1 phalanx	http://purl.obolibrary.org/obo/PATO_0000406	curved
http://purl.obolibrary.org/obo/HP_0009846	Curved middle phalanges of the hand	http://purl.obolibrary.org/obo/UBERON_0003864	middle phalanx of manus	http://purl.obolibrary.org/obo/PATO_0000406	curved
http://purl.obolibrary.org/obo/HP_0009571	Curved middle phalanx of the 2nd finger	http://purl.obolibrary.org/obo/UBERON_0004320	middle phalanx of manual digit 2	http://purl.obolibrary.org/obo/PATO_0000406	curved
http://purl.obolibrary.org/obo/HP_0010407	Curved middle phalanx of the 2nd toe	http://purl.obolibrary.org/obo/UBERON_0004324	middle phalanx of pedal digit 2	http://purl.obolibrary.org/obo/PATO_0000406	curved
http://purl.obolibrary.org/obo/HP_0009432	Curved middle phalanx of the 3rd finger	http://purl.obolibrary.org/obo/UBERON_0004321	middle phalanx of manual digit 3	http://purl.obolibrary.org/obo/PATO_0000406	curved
http://purl.obolibrary.org/obo/HP_0100443	Curved middle phalanx of the 3rd toe	http://purl.obolibrary.org/obo/UBERON_0004325	middle phalanx of pedal digit 3	http://purl.obolibrary.org/obo/PATO_0000406	curved
http://purl.obolibrary.org/obo/HP_0009287	Curved middle phalanx of the 4th finger	http://purl.obolibrary.org/obo/UBERON_0004322	middle phalanx of manual digit 4	http://purl.obolibrary.org/obo/PATO_0000406	curved
http://purl.obolibrary.org/obo/HP_0100444	Curved middle phalanx of the 4th toe	http://purl.obolibrary.org/obo/UBERON_0004326	middle phalanx of pedal digit 4	http://purl.obolibrary.org/obo/PATO_0000406	curved
http://purl.obolibrary.org/obo/HP_0009173	Curved middle phalanx of the 5th finger	http://purl.obolibrary.org/obo/UBERON_0004323	middle phalanx of manual digit 5	http://purl.obolibrary.org/obo/PATO_0000406	curved
http://purl.obolibrary.org/obo/HP_0100445	Curved middle phalanx of the 5th toe	http://purl.obolibrary.org/obo/UBERON_0004327	middle phalanx of pedal digit 5	http://purl.obolibrary.org/obo/PATO_0000406	curved
http://purl.obolibrary.org/obo/HP_0010197	Curved middle toe phalanx	http://purl.obolibrary.org/obo/UBERON_0003866	middle phalanx of pes	http://purl.obolibrary.org/obo/PATO_0000406	curved
http://purl.obolibrary.org/obo/HP_0004033	Curved olecranon	http://purl.obolibrary.org/obo/UBERON_0006810	olecranon	http://purl.obolibrary.org/obo/PATO_0000406	curved
http://purl.obolibrary.org/obo/HP_0009549	Curved phalanges of the 2nd finger	http://purl.obolibrary.org/obo/UBERON_0003636	manual digit 2 phalanx	http://purl.obolibrary.org/obo/PATO_0000406	curved
http://purl.obolibrary.org/obo/HP_0009442	Curved phalanges of the 3rd finger	http://purl.obolibrary.org/obo/UBERON_0003637	manual digit 3 phalanx	http://purl.obolibrary.org/obo/PATO_0000406	curved
http://purl.obolibrary.org/obo/HP_0009285	Curved phalanges of the 4th finger	http://purl.obolibrary.org/obo/UBERON_0003638	manual digit 4 phalanx	http://purl.obolibrary.org/obo/PATO_0000406	curved
http://purl.obolibrary.org/obo/HP_0004214	Curved phalanges of the 5th finger	http://purl.obolibrary.org/obo/UBERON_0003639	manual digit 5 phalanx	http://purl.obolibrary.org/obo/PATO_0000406	curved
http://purl.obolibrary.org/obo/HP_0009770	Curved phalanges of the hand	http://purl.obolibrary.org/obo/UBERON_0001436	phalanx of manus	http://purl.obolibrary.org/obo/PATO_0000406	curved
http://purl.obolibrary.org/obo/HP_0009854	Curved proximal phalanges of the hand	http://purl.obolibrary.org/obo/UBERON_0002234	proximal phalanx of manus	http://purl.obolibrary.org/obo/PATO_0000406	curved
http://purl.obolibrary.org/obo/HP_0009583	Curved proximal phalanx of the 2nd finger	http://purl.obolibrary.org/obo/UBERON_0004328	proximal phalanx of manual digit 2	http://purl.obolibrary.org/obo/PATO_0000406	curved
http://purl.obolibrary.org/obo/HP_0010398	Curved proximal phalanx of the 2nd toe	http://purl.obolibrary.org/obo/UBERON_0004333	proximal phalanx of pedal digit 2	http://purl.obolibrary.org/obo/PATO_0000406	curved
http://purl.obolibrary.org/obo/HP_0009452	Curved proximal phalanx of the 3rd finger	http://purl.obolibrary.org/obo/UBERON_0004329	proximal phalanx of manual digit 3	http://purl.obolibrary.org/obo/PATO_0000406	curved
http://purl.obolibrary.org/obo/HP_0100446	Curved proximal phalanx of the 3rd toe	http://purl.obolibrary.org/obo/UBERON_0004334	proximal phalanx of pedal digit 3	http://purl.obolibrary.org/obo/PATO_0000406	curved
http://purl.obolibrary.org/obo/HP_0009288	Curved proximal phalanx of the 4th finger	http://purl.obolibrary.org/obo/UBERON_0004330	proximal phalanx of manual digit 4	http://purl.obolibrary.org/obo/PATO_0000406	curved
http://purl.obolibrary.org/obo/HP_0100447	Curved proximal phalanx of the 4th toe	http://purl.obolibrary.org/obo/UBERON_0004335	proximal phalanx of pedal digit 4	http://purl.obolibrary.org/obo/PATO_0000406	curved
http://purl.obolibrary.org/obo/HP_0009229	Curved proximal phalanx of the 5th finger	http://purl.obolibrary.org/obo/UBERON_0004331	proximal phalanx of manual digit 5	http://purl.obolibrary.org/obo/PATO_0000406	curved
http://purl.obolibrary.org/obo/HP_0100448	Curved proximal phalanx of the 5th toe	http://purl.obolibrary.org/obo/UBERON_0004336	proximal phalanx of pedal digit 5	http://purl.obolibrary.org/obo/PATO_0000406	curved
http://purl.obolibrary.org/obo/HP_0010088	Curved proximal phalanx of the hallux	http://purl.obolibrary.org/obo/UBERON_0004332	proximal phalanx of pedal digit 1	http://purl.obolibrary.org/obo/PATO_0000406	curved
http://purl.obolibrary.org/obo/HP_0009632	Curved proximal phalanx of the thumb	http://purl.obolibrary.org/obo/UBERON_0004338	proximal phalanx of manual digit 1	http://purl.obolibrary.org/obo/PATO_0000406	curved
http://purl.obolibrary.org/obo/HP_0010206	Curved proximal toe phalanx	http://purl.obolibrary.org/obo/UBERON_0003868	proximal phalanx of pes	http://purl.obolibrary.org/obo/PATO_0000406	curved
http://purl.obolibrary.org/obo/HP_0009653	Curved thumb phalanx	http://purl.obolibrary.org/obo/UBERON_0003620	manual digit 1 phalanx	http://purl.obolibrary.org/obo/PATO_0000406	curved
http://purl.obolibrary.org/obo/HP_0010176	Curved toe phalanx	http://purl.obolibrary.org/obo/UBERON_0001449	phalanx of pes	http://purl.obolibrary.org/obo/PATO_0000406	curved
http://purl.obolibrary.org/obo/HP_0005280	Depressed nasal bridge	http://purl.obolibrary.org/obo/UBERON_0008340	nasal bridge	http://purl.obolibrary.org/obo/PATO_0000407	flat
http://purl.obolibrary.org/obo/HP_0000457	Depressed nasal ridge	http://purl.obolibrary.org/obo/UBERON_0000004	nose	http://purl.obolibrary.org/obo/PATO_0000407	flat
http://purl.obolibrary.org/obo/HP_0000437	Depressed nasal tip	http://purl.obolibrary.org/obo/UBERON_0012128	nose tip	http://purl.obolibrary.org/obo/PATO_0000407	flat
http://purl.obolibrary.org/obo/HP_0001540	Diastasis recti	http://purl.obolibrary.org/obo/UBERON_0002382	rectus abdominis muscle	http://purl.obolibrary.org/obo/PATO_0001786	split
http://purl.obolibrary.org/obo/HP_0004591	Disc-like vertebral bodies	http://purl.obolibrary.org/obo/UBERON_0001075	bony vertebral centrum	http://purl.obolibrary.org/obo/PATO_0001874	discoid
http://purl.obolibrary.org/obo/HP_0200021	Down-sloping shoulders	http://purl.obolibrary.org/obo/UBERON_0001467	shoulder	http://purl.obolibrary.org/obo/PATO_0002143	sloped downward
http://purl.obolibrary.org/obo/HP_0000494	Downslanted palpebral fissures	http://purl.obolibrary.org/obo/UBERON_0001819	palpebral fissure	http://purl.obolibrary.org/obo/PATO_0002143	sloped downward
http://purl.obolibrary.org/obo/HP_0000947	Dumbbell-shaped long bone	http://purl.obolibrary.org/obo/UBERON_0002495	long bone	http://purl.obolibrary.org/obo/PATO_0001876	dumbbell-shaped
http://purl.obolibrary.org/obo/HP_0002810	Dumbbell-shaped metaphyses	http://purl.obolibrary.org/obo/UBERON_0001438	metaphysis	http://purl.obolibrary.org/obo/PATO_0001876	dumbbell-shaped
http://purl.obolibrary.org/obo/HP_0002006	Facial cleft	http://purl.obolibrary.org/obo/UBERON_0001456	face	http://purl.obolibrary.org/obo/PATO_0001786	split
http://purl.obolibrary.org/obo/HP_0002980	Femoral bowing	http://purl.obolibrary.org/obo/UBERON_0000981	femur	http://purl.obolibrary.org/obo/PATO_0001592	increased curvature
http://purl.obolibrary.org/obo/HP_0010502	Fibular bowing	http://purl.obolibrary.org/obo/UBERON_0001446	fibula	http://purl.obolibrary.org/obo/PATO_0000406	curved
http://purl.obolibrary.org/obo/HP_0002834	Flared femoral metaphysis	http://purl.obolibrary.org/obo/UBERON_0006865	metaphysis of femur	http://purl.obolibrary.org/obo/PATO_0001785	splayed
http://purl.obolibrary.org/obo/HP_0003911	Flared humeral metaphysis	http://purl.obolibrary.org/obo/UBERON_0013749	metaphysis of humerus	http://purl.obolibrary.org/obo/PATO_0001785	splayed
http://purl.obolibrary.org/obo/HP_0002869	Flared iliac wing	http://purl.obolibrary.org/obo/UBERON_0010746	iliac blade	http://purl.obolibrary.org/obo/PATO_0001785	splayed
http://purl.obolibrary.org/obo/HP_0003015	Flared metaphysis	http://purl.obolibrary.org/obo/UBERON_0001438	metaphysis	http://purl.obolibrary.org/obo/PATO_0001785	splayed
http://purl.obolibrary.org/obo/HP_0000454	Flared nostrils	http://purl.obolibrary.org/obo/UBERON_0005928	external naris	http://purl.obolibrary.org/obo/PATO_0001785	splayed
http://purl.obolibrary.org/obo/HP_0004018	Flared radial metaphysis	http://purl.obolibrary.org/obo/UBERON_0013751	metaphysis of radius	http://purl.obolibrary.org/obo/PATO_0001785	splayed
http://purl.obolibrary.org/obo/HP_0000904	Flaring of rib cage	http://purl.obolibrary.org/obo/UBERON_0003252	thoracic rib cage	http://purl.obolibrary.org/obo/PATO_0001785	splayed
http://purl.obolibrary.org/obo/HP_0003370	Flat capital femoral epiphysis	http://purl.obolibrary.org/obo/UBERON_0004412	proximal epiphysis of femur	http://purl.obolibrary.org/obo/PATO_0000407	flat
http://purl.obolibrary.org/obo/HP_0007720	Flat cornea	http://purl.obolibrary.org/obo/UBERON_0000964	cornea	http://purl.obolibrary.org/obo/PATO_0000407	flat
http://purl.obolibrary.org/obo/HP_0006398	Flat distal femoral epiphysis	http://purl.obolibrary.org/obo/UBERON_0004406	distal epiphysis of femur	http://purl.obolibrary.org/obo/PATO_0000407	flat
http://purl.obolibrary.org/obo/HP_0012368	Flat face	http://purl.obolibrary.org/obo/UBERON_0001456	face	http://purl.obolibrary.org/obo/PATO_0000407	flat
http://purl.obolibrary.org/obo/HP_0004425	Flat forehead	http://purl.obolibrary.org/obo/UBERON_0008200	forehead	http://purl.obolibrary.org/obo/PATO_0000407	flat
http://purl.obolibrary.org/obo/HP_0000911	Flat glenoid fossa	http://purl.obolibrary.org/obo/UBERON_0006657	glenoid fossa	http://purl.obolibrary.org/obo/PATO_0000407	flat
http://purl.obolibrary.org/obo/HP_0005469	Flat occiput	http://purl.obolibrary.org/obo/UBERON_0001676	occipital bone	http://purl.obolibrary.org/obo/PATO_0000407	flat
http://purl.obolibrary.org/obo/HP_0003071	Flattened epiphysis	http://purl.obolibrary.org/obo/UBERON_0001437	epiphysis	http://purl.obolibrary.org/obo/PATO_0000407	flat
http://purl.obolibrary.org/obo/HP_0008812	Flattened femoral head	http://purl.obolibrary.org/obo/UBERON_0006767	head of femur	http://purl.obolibrary.org/obo/PATO_0000407	flat
http://purl.obolibrary.org/obo/HP_0003895	Flattened humeral epiphyses	http://purl.obolibrary.org/obo/UBERON_0004382	epiphysis of humerus	http://purl.obolibrary.org/obo/PATO_0000407	flat
http://purl.obolibrary.org/obo/HP_0005004	Flattened proximal radial epiphyses	http://purl.obolibrary.org/obo/UBERON_0004413	proximal epiphysis of radius	http://purl.obolibrary.org/obo/PATO_0000407	flat
http://purl.obolibrary.org/obo/HP_0004002	Flattened radial epiphyses	http://purl.obolibrary.org/obo/UBERON_0004385	epiphysis of radius	http://purl.obolibrary.org/obo/PATO_0000407	flat
http://purl.obolibrary.org/obo/HP_0002970	Genu varum	http://purl.obolibrary.org/obo/UBERON_0003823	hindlimb zeugopod	http://purl.obolibrary.org/obo/PATO_0001649	curved lateral
http://purl.obolibrary.org/obo/HP_0002553	Highly arched eyebrow	http://purl.obolibrary.org/obo/UBERON_0010163	eyebrow	http://purl.obolibrary.org/obo/PATO_0001594	arched
http://purl.obolibrary.org/obo/HP_0000085	Horseshoe kidney	http://purl.obolibrary.org/obo/UBERON_0002113	kidney	http://purl.obolibrary.org/obo/PATO_0001879	U-shaped
http://purl.obolibrary.org/obo/HP_0011373	Incomplete partition of the cochlea	http://purl.obolibrary.org/obo/UBERON_0001844	cochlea	http://purl.obolibrary.org/obo/PATO_0001796	decreased coiling
http://purl.obolibrary.org/obo/HP_0008751	Laryngeal cleft	http://purl.obolibrary.org/obo/UBERON_0001737	larynx	http://purl.obolibrary.org/obo/PATO_0000403	cleft
http://purl.obolibrary.org/obo/HP_0005787	Lumbar platyspondyly	http://purl.obolibrary.org/obo/UBERON_0002414	lumbar vertebra	http://purl.obolibrary.org/obo/PATO_0000407	flat
http://purl.obolibrary.org/obo/HP_0000161	Median cleft lip	http://purl.obolibrary.org/obo/UBERON_0001833	lip	http://purl.obolibrary.org/obo/PATO_0002169	split medially
http://purl.obolibrary.org/obo/HP_0003989	Notched ulna	http://purl.obolibrary.org/obo/UBERON_0001424	ulna	http://purl.obolibrary.org/obo/PATO_0001495	notched
http://purl.obolibrary.org/obo/HP_0000300	Oval face	http://purl.obolibrary.org/obo/UBERON_0001456	face	http://purl.obolibrary.org/obo/PATO_0001891	ovate
http://purl.obolibrary.org/obo/HP_0003309	Ovoid thoracolumbar vertebrae	http://purl.obolibrary.org/obo/UBERON_0011677	trunk vertebra	http://purl.obolibrary.org/obo/PATO_0001891	ovate
http://purl.obolibrary.org/obo/HP_0003300	Ovoid vertebral bodies	http://purl.obolibrary.org/obo/UBERON_0001075	bony vertebral centrum	http://purl.obolibrary.org/obo/PATO_0001891	ovate
http://purl.obolibrary.org/obo/HP_0009944	Partial duplication of thumb phalanx	http://purl.obolibrary.org/obo/UBERON_0003620	manual digit 1 phalanx	http://purl.obolibrary.org/obo/PATO_0000403	cleft
http://purl.obolibrary.org/obo/HP_0000767	Pectus excavatum	http://purl.obolibrary.org/obo/UBERON_0000975	sternum	http://purl.obolibrary.org/obo/PATO_0001857	concave
http://purl.obolibrary.org/obo/HP_0001761	Pes cavus	http://purl.obolibrary.org/obo/UBERON_0035133	longitudinal arch of pes	http://purl.obolibrary.org/obo/PATO_0001592	increased curvature
http://purl.obolibrary.org/obo/HP_0001763	Pes planus	http://purl.obolibrary.org/obo/UBERON_0035133	longitudinal arch of pes	http://purl.obolibrary.org/obo/PATO_0000407	flat
http://purl.obolibrary.org/obo/HP_0000307	Pointed chin	http://purl.obolibrary.org/obo/UBERON_0008199	chin	http://purl.obolibrary.org/obo/PATO_0000944	sharpness
http://purl.obolibrary.org/obo/HP_0003917	Pointed humeral metaphysis	http://purl.obolibrary.org/obo/UBERON_0013749	metaphysis of humerus	http://purl.obolibrary.org/obo/PATO_0000944	sharpness
http://purl.obolibrary.org/obo/HP_0003990	Pointed ulna	http://purl.obolibrary.org/obo/UBERON_0001424	ulna	http://purl.obolibrary.org/obo/PATO_0000944	sharpness
http://purl.obolibrary.org/obo/HP_0004044	Pointed ulnar metaphysis	http://purl.obolibrary.org/obo/UBERON_0013748	ulnar metaphysis	http://purl.obolibrary.org/obo/PATO_0000944	sharpness
http://purl.obolibrary.org/obo/HP_0000508	Ptosis	http://purl.obolibrary.org/obo/UBERON_0001711	eyelid	http://purl.obolibrary.org/obo/PATO_0002165	drooping
http://purl.obolibrary.org/obo/HP_0002986	Radial bowing	http://purl.obolibrary.org/obo/UBERON_0001423	radius bone	http://purl.obolibrary.org/obo/PATO_0001592	increased curvature
http://purl.obolibrary.org/obo/HP_0000311	Round face	http://purl.obolibrary.org/obo/UBERON_0001456	face	http://purl.obolibrary.org/obo/PATO_0000411	circular
http://purl.obolibrary.org/obo/HP_0003899	Round humeral epiphyses	http://purl.obolibrary.org/obo/UBERON_0004382	epiphysis of humerus	http://purl.obolibrary.org/obo/PATO_0000411	circular
http://purl.obolibrary.org/obo/HP_0004006	Round radial epiphyses	http://purl.obolibrary.org/obo/UBERON_0004385	epiphysis of radius	http://purl.obolibrary.org/obo/PATO_0000411	circular
http://purl.obolibrary.org/obo/HP_0006026	Rounded epiphyses	http://purl.obolibrary.org/obo/UBERON_0004387	epiphysis of phalanx of manus	http://purl.obolibrary.org/obo/PATO_0000411	circular
http://purl.obolibrary.org/obo/HP_0005844	Rounded middle phalanx of finger	http://purl.obolibrary.org/obo/UBERON_0003864	middle phalanx of manus	http://purl.obolibrary.org/obo/PATO_0000411	circular
http://purl.obolibrary.org/obo/HP_0007835	S-shaped palpebral fissures	http://purl.obolibrary.org/obo/UBERON_0001819	palpebral fissure	http://purl.obolibrary.org/obo/PATO_0001878	sigmoid
http://purl.obolibrary.org/obo/HP_0006346	Screwdriver-shaped incisors	http://purl.obolibrary.org/obo/UBERON_0001098	incisor tooth	http://purl.obolibrary.org/obo/PATO_0001938	rhomboid
http://purl.obolibrary.org/obo/HP_0001153	Septate vagina	http://purl.obolibrary.org/obo/UBERON_0000996	vagina	http://purl.obolibrary.org/obo/PATO_0001786	split
http://purl.obolibrary.org/obo/HP_0001750	Single ventricle	http://purl.obolibrary.org/obo/UBERON_0002082	cardiac ventricle	http://purl.obolibrary.org/obo/PATO_0002034	undivided
http://purl.obolibrary.org/obo/HP_0012296	Slender distal phalanx of finger	http://purl.obolibrary.org/obo/UBERON_0003865	distal phalanx of manus	http://purl.obolibrary.org/obo/PATO_0002212	slender
http://purl.obolibrary.org/obo/HP_0001238	Slender finger	http://purl.obolibrary.org/obo/UBERON_0002389	manual digit	http://purl.obolibrary.org/obo/PATO_0002212	slender
http://purl.obolibrary.org/obo/HP_0003934	Slender humeral diaphysis	http://purl.obolibrary.org/obo/UBERON_0004652	humerus diaphysis	http://purl.obolibrary.org/obo/PATO_0002212	slender
http://purl.obolibrary.org/obo/HP_0003882	Slender humerus	http://purl.obolibrary.org/obo/UBERON_0000976	humerus	http://purl.obolibrary.org/obo/PATO_0002212	slender
http://purl.obolibrary.org/obo/HP_0003100	Slender long bone	http://purl.obolibrary.org/obo/UBERON_0002495	long bone	http://purl.obolibrary.org/obo/PATO_0002212	slender
http://purl.obolibrary.org/obo/HP_0006236	Slender metacarpals	http://purl.obolibrary.org/obo/UBERON_0002374	metacarpal bone	http://purl.obolibrary.org/obo/PATO_0002212	slender
http://purl.obolibrary.org/obo/HP_0012295	Slender middle phalanx of finger	http://purl.obolibrary.org/obo/UBERON_0003864	middle phalanx of manus	http://purl.obolibrary.org/obo/PATO_0002212	slender
http://purl.obolibrary.org/obo/HP_0000417	Slender nose	http://purl.obolibrary.org/obo/UBERON_0000004	nose	http://purl.obolibrary.org/obo/PATO_0002212	slender
http://purl.obolibrary.org/obo/HP_0012297	Slender proximal phalanx of finger	http://purl.obolibrary.org/obo/UBERON_0002234	proximal phalanx of manus	http://purl.obolibrary.org/obo/PATO_0002212	slender
http://purl.obolibrary.org/obo/HP_0040062	Slender radius	http://purl.obolibrary.org/obo/UBERON_0001423	radius bone	http://purl.obolibrary.org/obo/PATO_0002212	slender
http://purl.obolibrary.org/obo/HP_0011308	Slender toe	http://purl.obolibrary.org/obo/UBERON_0001466	pedal digit	http://purl.obolibrary.org/obo/PATO_0002212	slender
http://purl.obolibrary.org/obo/HP_0003992	Slender ulna	http://purl.obolibrary.org/obo/UBERON_0001424	ulna	http://purl.obolibrary.org/obo/PATO_0002212	slender
http://purl.obolibrary.org/obo/HP_0000340	Sloping forehead	http://purl.obolibrary.org/obo/UBERON_0008200	forehead	http://purl.obolibrary.org/obo/PATO_0001481	sloped
http://purl.obolibrary.org/obo/HP_0003920	Sloping humeral metaphysis	http://purl.obolibrary.org/obo/UBERON_0013749	metaphysis of humerus	http://purl.obolibrary.org/obo/PATO_0001481	sloped
http://purl.obolibrary.org/obo/HP_0004008	Sloping radial epiphyses	http://purl.obolibrary.org/obo/UBERON_0004385	epiphysis of radius	http://purl.obolibrary.org/obo/PATO_0002143	sloped downward
http://purl.obolibrary.org/obo/HP_0004023	Sloping radial metaphysis	http://purl.obolibrary.org/obo/UBERON_0013751	metaphysis of radius	http://purl.obolibrary.org/obo/PATO_0001481	sloped
http://purl.obolibrary.org/obo/HP_0004045	Sloping ulnar metaphysis	http://purl.obolibrary.org/obo/UBERON_0013748	ulnar metaphysis	http://purl.obolibrary.org/obo/PATO_0001481	sloped
http://purl.obolibrary.org/obo/HP_0000319	Smooth philtrum	http://purl.obolibrary.org/obo/UBERON_0005402	philtrum	http://purl.obolibrary.org/obo/PATO_0000407	flat
http://purl.obolibrary.org/obo/HP_0001222	Spatulate thumbs	http://purl.obolibrary.org/obo/UBERON_0001463	manual digit 1	http://purl.obolibrary.org/obo/PATO_0001937	spatulate
http://purl.obolibrary.org/obo/HP_0200003	Splayed epiphyses	http://purl.obolibrary.org/obo/UBERON_0001437	epiphysis	http://purl.obolibrary.org/obo/PATO_0001785	splayed
http://purl.obolibrary.org/obo/HP_0030285	Splayed superior cerebellar peduncle	http://purl.obolibrary.org/obo/UBERON_0007709	superior cerebellar peduncle of pons	http://purl.obolibrary.org/obo/PATO_0001785	splayed
http://purl.obolibrary.org/obo/HP_0001809	Split nail	http://purl.obolibrary.org/obo/UBERON_0001705	nail	http://purl.obolibrary.org/obo/PATO_0001786	split
http://purl.obolibrary.org/obo/HP_0000321	Square face	http://purl.obolibrary.org/obo/UBERON_0001456	face	http://purl.obolibrary.org/obo/PATO_0000413	square
http://purl.obolibrary.org/obo/HP_0003923	Square humeral metaphysis	http://purl.obolibrary.org/obo/UBERON_0013749	metaphysis of humerus	http://purl.obolibrary.org/obo/PATO_0000413	square
http://purl.obolibrary.org/obo/HP_0003278	Square pelvis bone	http://purl.obolibrary.org/obo/UBERON_0007830	pelvic girdle bone/zone	http://purl.obolibrary.org/obo/PATO_0000413	square
http://purl.obolibrary.org/obo/HP_0003177	Squared iliac bones	http://purl.obolibrary.org/obo/UBERON_0001273	ilium	http://purl.obolibrary.org/obo/PATO_0000413	square
http://purl.obolibrary.org/obo/HP_0009884	Tapered distal phalanges of finger	http://purl.obolibrary.org/obo/UBERON_0003865	distal phalanx of manus	http://purl.obolibrary.org/obo/PATO_0001500	tapered
http://purl.obolibrary.org/obo/HP_0001182	Tapered finger	http://purl.obolibrary.org/obo/UBERON_0002389	manual digit	http://purl.obolibrary.org/obo/PATO_0001500	tapered
http://purl.obolibrary.org/obo/HP_0003883	Tapered humerus	http://purl.obolibrary.org/obo/UBERON_0000976	humerus	http://purl.obolibrary.org/obo/PATO_0001500	tapered
http://purl.obolibrary.org/obo/HP_0006108	Tapered metacarpals	http://purl.obolibrary.org/obo/UBERON_0002374	metacarpal bone	http://purl.obolibrary.org/obo/PATO_0001500	tapered
http://purl.obolibrary.org/obo/HP_0006192	Tapered phalanx of finger	http://purl.obolibrary.org/obo/UBERON_0001436	phalanx of manus	http://purl.obolibrary.org/obo/PATO_0001500	tapered
http://purl.obolibrary.org/obo/HP_0011309	Tapered toe	http://purl.obolibrary.org/obo/UBERON_0001466	pedal digit	http://purl.obolibrary.org/obo/PATO_0001500	tapered
http://purl.obolibrary.org/obo/HP_0004592	Thoracic platyspondyly	http://purl.obolibrary.org/obo/UBERON_0002347	thoracic vertebra	http://purl.obolibrary.org/obo/PATO_0000407	flat
http://purl.obolibrary.org/obo/HP_0002982	Tibial bowing	http://purl.obolibrary.org/obo/UBERON_0000979	tibia	http://purl.obolibrary.org/obo/PATO_0001592	increased curvature
http://purl.obolibrary.org/obo/HP_0005621	Trapezoidal vertebral body	http://purl.obolibrary.org/obo/UBERON_0001075	bony vertebral centrum	http://purl.obolibrary.org/obo/PATO_0002044	trapezoid
http://purl.obolibrary.org/obo/HP_0010587	Triangular epiphyses	http://purl.obolibrary.org/obo/UBERON_0001437	epiphysis	http://purl.obolibrary.org/obo/PATO_0001875	triangular
http://purl.obolibrary.org/obo/HP_0009171	Triangular epiphyses of the metacarpals	http://purl.obolibrary.org/obo/UBERON_0004390	epiphysis of metacarpal bone	http://purl.obolibrary.org/obo/PATO_0001875	triangular
http://purl.obolibrary.org/obo/HP_0010238	Triangular epiphyses of the phalanges of the hand	http://purl.obolibrary.org/obo/UBERON_0004387	epiphysis of phalanx of manus	http://purl.obolibrary.org/obo/PATO_0001875	triangular
http://purl.obolibrary.org/obo/HP_0010025	Triangular epiphysis of the 1st metacarpal	http://purl.obolibrary.org/obo/UBERON_0004391	epiphysis of first metacarpal bone	http://purl.obolibrary.org/obo/PATO_0001875	triangular
http://purl.obolibrary.org/obo/HP_0010159	Triangular epiphysis of the 1st metatarsal	http://purl.obolibrary.org/obo/UBERON_0004395	epiphysis of first metatarsal bone	http://purl.obolibrary.org/obo/PATO_0001875	triangular
http://purl.obolibrary.org/obo/HP_0003884	Triangular humerus	http://purl.obolibrary.org/obo/UBERON_0000976	humerus	http://purl.obolibrary.org/obo/PATO_0001875	triangular
http://purl.obolibrary.org/obo/HP_0000207	Triangular mouth	http://purl.obolibrary.org/obo/UBERON_0000165	mouth	http://purl.obolibrary.org/obo/PATO_0001875	triangular
http://purl.obolibrary.org/obo/HP_0000451	Triangular nasal tip	http://purl.obolibrary.org/obo/UBERON_0012128	nose tip	http://purl.obolibrary.org/obo/PATO_0001875	triangular
http://purl.obolibrary.org/obo/HP_0010074	Triangular shaped 1st metatarsal	http://purl.obolibrary.org/obo/UBERON_0003650	metatarsal bone of digit 1	http://purl.obolibrary.org/obo/PATO_0001875	triangular
http://purl.obolibrary.org/obo/HP_0009875	Triangular shaped distal phalanges of the hand	http://purl.obolibrary.org/obo/UBERON_0003865	distal phalanx of manus	http://purl.obolibrary.org/obo/PATO_0001875	triangular
http://purl.obolibrary.org/obo/HP_0010192	Triangular shaped distal phalanges of the toes	http://purl.obolibrary.org/obo/UBERON_0003867	distal phalanx of pes	http://purl.obolibrary.org/obo/PATO_0001875	triangular
http://purl.obolibrary.org/obo/HP_0009564	Triangular shaped distal phalanx of the 2nd finger	http://purl.obolibrary.org/obo/UBERON_0004311	distal phalanx of manual digit 2	http://purl.obolibrary.org/obo/PATO_0001875	triangular
http://purl.obolibrary.org/obo/HP_0010420	Triangular shaped distal phalanx of the 2nd toe	http://purl.obolibrary.org/obo/UBERON_0004316	distal phalanx of pedal digit 2	http://purl.obolibrary.org/obo/PATO_0001875	triangular
http://purl.obolibrary.org/obo/HP_0009427	Triangular shaped distal phalanx of the 3rd finger	http://purl.obolibrary.org/obo/UBERON_0004312	distal phalanx of manual digit 3	http://purl.obolibrary.org/obo/PATO_0001875	triangular
http://purl.obolibrary.org/obo/HP_0009306	Triangular shaped distal phalanx of the 4th finger	http://purl.obolibrary.org/obo/UBERON_0004313	distal phalanx of manual digit 4	http://purl.obolibrary.org/obo/PATO_0001875	triangular
http://purl.obolibrary.org/obo/HP_0009245	Triangular shaped distal phalanx of the 5th finger	http://purl.obolibrary.org/obo/UBERON_0004314	distal phalanx of manual digit 5	http://purl.obolibrary.org/obo/PATO_0001875	triangular
http://purl.obolibrary.org/obo/HP_0010083	Triangular shaped distal phalanx of the hallux	http://purl.obolibrary.org/obo/UBERON_0004315	distal phalanx of pedal digit 1	http://purl.obolibrary.org/obo/PATO_0001875	triangular
http://purl.obolibrary.org/obo/HP_0009850	Triangular shaped middle phalanges of the hand	http://purl.obolibrary.org/obo/UBERON_0003864	middle phalanx of manus	http://purl.obolibrary.org/obo/PATO_0001875	triangular
http://purl.obolibrary.org/obo/HP_0010201	Triangular shaped middle phalanges of the toes	http://purl.obolibrary.org/obo/UBERON_0003866	middle phalanx of pes	http://purl.obolibrary.org/obo/PATO_0001875	triangular
http://purl.obolibrary.org/obo/HP_0009575	Triangular shaped middle phalanx of the 2nd finger	http://purl.obolibrary.org/obo/UBERON_0004320	middle phalanx of manual digit 2	http://purl.obolibrary.org/obo/PATO_0001875	triangular
http://purl.obolibrary.org/obo/HP_0010411	Triangular shaped middle phalanx of the 2nd toe	http://purl.obolibrary.org/obo/UBERON_0004324	middle phalanx of pedal digit 2	http://purl.obolibrary.org/obo/PATO_0001875	triangular
http://purl.obolibrary.org/obo/HP_0009436	Triangular shaped middle phalanx of the 3rd finger	http://purl.obolibrary.org/obo/UBERON_0004321	middle phalanx of manual digit 3	http://purl.obolibrary.org/obo/PATO_0001875	triangular
http://purl.obolibrary.org/obo/HP_0009309	Triangular shaped middle phalanx of the 4th finger	http://purl.obolibrary.org/obo/UBERON_0004322	middle phalanx of manual digit 4	http://purl.obolibrary.org/obo/PATO_0001875	triangular
http://purl.obolibrary.org/obo/HP_0009182	Triangular shaped middle phalanx of the 5th finger	http://purl.obolibrary.org/obo/UBERON_0004323	middle phalanx of manual digit 5	http://purl.obolibrary.org/obo/PATO_0001875	triangular
http://purl.obolibrary.org/obo/HP_0009546	Triangular shaped phalanges of the 2nd finger	http://purl.obolibrary.org/obo/UBERON_0003636	manual digit 2 phalanx	http://purl.obolibrary.org/obo/PATO_0001875	triangular
http://purl.obolibrary.org/obo/HP_0010354	Triangular shaped phalanges of the 2nd toe	http://purl.obolibrary.org/obo/UBERON_0003641	pedal digit 2 phalanx	http://purl.obolibrary.org/obo/PATO_0001875	triangular
http://purl.obolibrary.org/obo/HP_0009446	Triangular shaped phalanges of the 3rd finger	http://purl.obolibrary.org/obo/UBERON_0003637	manual digit 3 phalanx	http://purl.obolibrary.org/obo/PATO_0001875	triangular
http://purl.obolibrary.org/obo/HP_0010366	Triangular shaped phalanges of the 3rd toe	http://purl.obolibrary.org/obo/UBERON_0004334	proximal phalanx of pedal digit 3	http://purl.obolibrary.org/obo/PATO_0001875	triangular
http://purl.obolibrary.org/obo/HP_0009407	Triangular shaped phalanges of the 4th finger	http://purl.obolibrary.org/obo/UBERON_0003638	manual digit 4 phalanx	http://purl.obolibrary.org/obo/PATO_0001875	triangular
http://purl.obolibrary.org/obo/HP_0010378	Triangular shaped phalanges of the 4th toe	http://purl.obolibrary.org/obo/UBERON_0003862	pedal digit 4 phalanx	http://purl.obolibrary.org/obo/PATO_0001875	triangular
http://purl.obolibrary.org/obo/HP_0009378	Triangular shaped phalanges of the 5th finger	http://purl.obolibrary.org/obo/UBERON_0003639	manual digit 5 phalanx	http://purl.obolibrary.org/obo/PATO_0001875	triangular
http://purl.obolibrary.org/obo/HP_0010390	Triangular shaped phalanges of the 5th toe	http://purl.obolibrary.org/obo/UBERON_0003863	pedal digit 5 phalanx	http://purl.obolibrary.org/obo/PATO_0001875	triangular
http://purl.obolibrary.org/obo/HP_0010065	Triangular shaped phalanges of the hallux	http://purl.obolibrary.org/obo/UBERON_0003640	pedal digit 1 phalanx	http://purl.obolibrary.org/obo/PATO_0001875	triangular
http://purl.obolibrary.org/obo/HP_0009774	Triangular shaped phalanges of the hand	http://purl.obolibrary.org/obo/UBERON_0001436	phalanx of manus	http://purl.obolibrary.org/obo/PATO_0001875	triangular
http://purl.obolibrary.org/obo/HP_0010180	Triangular shaped phalanges of the toes	http://purl.obolibrary.org/obo/UBERON_0001449	phalanx of pes	http://purl.obolibrary.org/obo/PATO_0001875	triangular
http://purl.obolibrary.org/obo/HP_0010210	Triangular shaped proximal phalanges of the toes	http://purl.obolibrary.org/obo/UBERON_0003868	proximal phalanx of pes	http://purl.obolibrary.org/obo/PATO_0001875	triangular
http://purl.obolibrary.org/obo/HP_0009587	Triangular shaped proximal phalanx of the 2nd finger	http://purl.obolibrary.org/obo/UBERON_0004328	proximal phalanx of manual digit 2	http://purl.obolibrary.org/obo/PATO_0001875	triangular
http://purl.obolibrary.org/obo/HP_0010402	Triangular shaped proximal phalanx of the 2nd toe	http://purl.obolibrary.org/obo/UBERON_0004333	proximal phalanx of pedal digit 2	http://purl.obolibrary.org/obo/PATO_0001875	triangular
http://purl.obolibrary.org/obo/HP_0009456	Triangular shaped proximal phalanx of the 3rd finger	http://purl.obolibrary.org/obo/UBERON_0004329	proximal phalanx of manual digit 3	http://purl.obolibrary.org/obo/PATO_0001875	triangular
http://purl.obolibrary.org/obo/HP_0009315	Triangular shaped proximal phalanx of the 4th finger	http://purl.obolibrary.org/obo/UBERON_0004330	proximal phalanx of manual digit 4	http://purl.obolibrary.org/obo/PATO_0001875	triangular
http://purl.obolibrary.org/obo/HP_0009233	Triangular shaped proximal phalanx of the 5th finger	http://purl.obolibrary.org/obo/UBERON_0004331	proximal phalanx of manual digit 5	http://purl.obolibrary.org/obo/PATO_0001875	triangular
http://purl.obolibrary.org/obo/HP_0010092	Triangular shaped proximal phalanx of the hallux	http://purl.obolibrary.org/obo/UBERON_0004332	proximal phalanx of pedal digit 1	http://purl.obolibrary.org/obo/PATO_0001875	triangular
http://purl.obolibrary.org/obo/HP_0000243	Trigonocephaly	http://purl.obolibrary.org/obo/UBERON_0000033	head	http://purl.obolibrary.org/obo/PATO_0001875	triangular
http://purl.obolibrary.org/obo/HP_0006166	Tubular metacarpal bones	http://purl.obolibrary.org/obo/UBERON_0002374	metacarpal bone	http://purl.obolibrary.org/obo/PATO_0001873	cylindrical
http://purl.obolibrary.org/obo/HP_0003031	Ulnar bowing	http://purl.obolibrary.org/obo/UBERON_0001424	ulna	http://purl.obolibrary.org/obo/PATO_0001592	increased curvature
http://purl.obolibrary.org/obo/HP_0010560	Undulate clavicles	http://purl.obolibrary.org/obo/UBERON_0001105	clavicle bone	http://purl.obolibrary.org/obo/PATO_0000967	undulate
http://purl.obolibrary.org/obo/HP_0010561	Undulate ribs	http://purl.obolibrary.org/obo/UBERON_0002228	rib	http://purl.obolibrary.org/obo/PATO_0000967	undulate
http://purl.obolibrary.org/obo/HP_0008428	Vertebral clefting	http://purl.obolibrary.org/obo/UBERON_0002412	vertebra	http://purl.obolibrary.org/obo/PATO_0001786	split
http://purl.obolibrary.org/obo/HP_0008422	Vertebral wedging	http://purl.obolibrary.org/obo/UBERON_0002412	vertebra	http://purl.obolibrary.org/obo/PATO_0001955	cuneate
http://purl.obolibrary.org/obo/HP_0006042	Y-shaped metacarpals	http://purl.obolibrary.org/obo/UBERON_0002374	metacarpal bone	http://purl.obolibrary.org/obo/PATO_0001201	Y-shaped
